book_title,male_characters,male_characters_names,female_characters,female_characters_names,none,unknown_gender_names,authors_sex
1883_molesworth-the-boys-and-i-a-childs-story-for-children,4,"['partridge', 'horace', 'pierson', 'uncle geoff']",5,"['audrey', 'marie', 'racey', 'miss doldy', 'miss goldy']",0,[],female
1905_meade-a-plain-girl,17,"['squire', 'jim', 'squibs', 'wallis', 'sophocles', 'salviati', 'heinrich', 'fray', 'master alex', 'mademoiselle wrex', 'professor grant', 'twopenny tube', 'master charley', 'squire aldyce', 'uncle charles', 'fraulein schumacher', 'von marlo']",37,"['dearie', 'fhemie', 'rosalind', 'agnes', 'knight', 'nancy', 'easter', 'justine', 'rita', 'calais', 'baroness', 'augusta', 'gussie', 'hermione', 'hannah', 'comtesse', 'agnes swan', 'miss donnithorne', 'mrs moore', 'comtesse riki', 'rita swan', 'rachel grant', 'mrs frazer', 'hermione aldyce', 'miss dumps', 'lady anne', 'lady anne churton', 'miss rachel', 'bella vista', 'lady lilian', 'rosalind mayhew', 'miss grace', 'lilian st leger', 'baroness elfreda', 'augusta moore', 'grace donnithorne', 'miss grace donnithorne']",2,"['holgarten', 'gablestein']",female
1890_meade-the-honorable-miss-a-story-of.an-old-fashioned-town,25,"['loftie', 'davis', 'jove', 'hunt', 'morris', 'albert', 'gus', 'bayard', 'rector', 'perry', 'mab', 'gusty', 'sam', 'augustus', 'peter', 'albert bell', 'mr ingram', 'matty bell', 'captain bertram', 'mr hart', 'come kitty', 'major bertram', 'rosendale manor', 'mr jones', 'loftus bertram']",43,"['kate', 'trixie', 'sophy', 'susan', 'tester', 'polly', 'clara', 'lucy', 'mabel', 'alice', 'jessie', 'nina', 'eureka', 'martha', 'thursdays', 'jane', 'hannah', 'mabel bertram', 'mrs meadowsweet', 'alice bell', 'martha butler', 'miss matty bell', 'miss bee', 'mary anne', 'sophy bell', 'lady verney', 'josephine hart', 'miss daisy', 'tilly bell', 'miss beatrice', 'polly jenkins', 'miss matty', 'daisy jenkins', 'miss catherine', 'miss catherine bertram', 'miss bells', 'miss peters', 'miss maria', 'miss meadowsweet', 'miss josephine', 'lady georgiana', 'catherine bertram', 'beatrice meadowsweet']",9,"['rosendale', 'beatricite', 'jenkinses', 'beatricites', 'northbury', 'middlemass', 'rectory', 'benjafield', 'hartites']",female
1856_yonge-the-daisy-chain-or-aspirations,110,"['james', 'claudius', 'bruce', 'wight', 'caractacus', 'george', 'atalantis', 'charles', 'orion', 'dogberry', 'posthumus', 'dick', 'forder', 'miltiades', 'ned', 'apollo', 'francois', 'undine', 'harvey', 'tom', 'sophocles', 'scot', 'decius', 'smith', 'hector', 'grey', 'roman', 'aubrey', 'david', 'jem', 'fidele', 'euripides', 'halls', 'whitford', 'eton', 'tommy', 'gospel', 'colin', 'horace', 'rollo', 'ritchie', 'claude', 'toby', 'william', 'owen', 'sam', 'alexander', 'hoxton', 'alan', 'shakespeare', 'noah', 'jack', 'edward', 'ashe', 'ulysses', 'mr everard', 'harvey anderson', 'george herbert', 'alan ernescliffe', 'mr charles wilmot', 'hector ernescliffe', 'sir henry', 'ned anderson', 'aubrey spencer', 'edward anderson', 'mr wllmot', 'uncle arnott', 'jem jennings', 'charles cheviot', 'norman norman', 'mr richard', 'george larkins', 'mr esdaile', 'sir matthew', 'mr ward', 'decius mus', 'lord cosham', 'mr edward wilmot', 'sir henry walkinghame', 'master harry', 'wild sports', 'mr ballhatchet', 'dick may', 'vana gloria', 'mr harrison', 'mr ramsden', 'tom may', 'mr wilmot', 'reverend sir', 'sir matthew fleet', 'captain gordon', 'norman ogilvie', 'did margaret', 'master thomas', 'sam axworthy', 'willie brown', 'mr nicolson', 'mr tomkins', 'mr bramshaw', 'harry may', 'nicholas randall', 'mr hazlewood', 'norman ethel', 'mr larkins', 'norman may', 'mr holloway', 'john taylor', 'will adams', 'mr richard may', 'bishop whichcote']",71,"['una', 'jill', 'etheldred', 'coralie', 'susan', 'marie', 'nipen', 'polly', 'alcestis', 'frenchwoman', 'marjorie', 'gertrude', 'anne', 'fanny', 'blanche', 'margarita', 'lucy', 'peg', 'maggie', 'mat', 'cherry', 'jenny', 'easter', 'mackenzie', 'daisy', 'louisa', 'agatha', 'jane', 'poor harry', 'misses anderson', 'poor mary', 'lady leonora langdale', 'lyra innocentium', 'daisy chain', 'gertrude margaret', 'market stoneborough', 'flora may', 'little meta', 'miss bracy', 'miss ethel', 'etheldred may', 'miss margaret', 'lady leonora', 'mrs ledwich', 'lucy taylor', 'jane sparks', 'poor ethel', 'aunt flora', 'miss walkingham', 'poor may', 'margaret norman', 'thy name', 'miss flora', 'cherry elwood', 'jane taylor', 'flora ethel', 'mary hale', 'miss rich', 'louisa anderson', 'miss boulder', 'lady glenbracken', 'miss walkinghame', 'miss winter', 'miss may', 'venus victrix', 'miss mary', 'ethel norman', 'fanny anderson', 'poor norman', 'miss anderson', 'leonora langdale']",17,"['abbotstoke', 'alcaics', 'hoxtons', 'unready', 'fordholm', 'drydale', 'bellairs', 'settlesham', 'flodden', 'perkinson', 'britons', 'ballompre', 'maplewood', 'groveswood', 'cocksmoor', 'stoneborough minster', 'abbotstoke grange']",female
1876_molesworth-carrots-just-a-little-boy,7,"['mott', 'gip', 'pau', 'jack', 'cecil', 'captain desart', 'master carrots']",6,"['dot', 'louise', 'floss', 'sybil', 'bessie', 'miss flossie']",1,['sandyshore'],female
1912_nesbit-the-magic-world,11,"['james', 'magician', 'ken', 'maurice', 'fortunatus', 'kenneth', 'taykin', 'strong', 'mr basingstoke', 'white witch', 'lord hugh']",4,"['aura', 'belinda', 'jane', 'alison']",0,[],female
1883_ewing-marys-meadow-and-other-tales-of-fields-and-flowers,24,"['chris', 'squire', 'james', 'solomon', 'john', 'parkinson', 'dos', 'hobbs', 'chambers', 'francis', 'harry', 'christopher', 'raphael', 'michael', 'arthur', 'jack frost', 'peter paul', 'foolish cowslip', 'uncle jacob', 'alphonse karr', 'mr warner', 'brother benedict', 'godfather time', 'weeding woman']",18,"['sunflower', 'adela', 'mary', 'jael', 'anna', 'bessy', 'leena', 'sunflowers', 'crane', 'little mother', 'miss margery', 'aunt catherine', 'mary meadow', 'queen anne', 'earthly paradise', 'miss grace', 'vrow schmidt', 'honest root']",3,"['nonsuch', 'herbarist', 'honestest root']",female
1861_yonge-the-stokesley-secret,28,"['george', 'david', 'toby', 'sam', 'martin', 'harry', 'ramilies', 'osmond', 'grosvenor', 'samuel', 'euclid', 'johnnie', 'ben', 'davy', 'georgy', 'toby fillpot', 'mr greville', 'mr merrifield', 'george bowles', 'mr carey', 'uncle john', 'osmond greville', 'farmer grice', 'richard ii', 'colonel carey', 'captain merrifield', 'sam henry', 'master davie']",31,"['calliope', 'sarah', 'annie', 'dora', 'rhoda', 'bet', 'thy', 'susie', 'bess', 'anne', 'betty', 'nurse', 'mildred', 'sue', 'mary', 'georgie', 'christabel', 'susan', 'elizabeth', 'sally', 'sukey', 'hannah', 'bessie', 'aunt alice', 'hannah higgins', 'miss fosbrook', 'christabel angela', 'poor hal', 'nurse freeman', 'miss merrifield', 'miss croaker']",3,"['munsterthal', 'purday', 'grandmamma']",female
1908_burnett-the-good-wolf,6,"['barty', 'tim', 'noah', 'ark', 'mr wolf', 'good wolf']",1,['snow feast'],0,[],female
1857_browne-grannys-wonderful-chair,10,"['scrub', 'pounce', 'spy', 'screw', 'spare', 'wary will', 'king winwealth', 'prince wisewit', 'squire trusty', 'reckoning robin']",8,"['snowflower', 'lady greensleeves', 'princess greedalind', 'dame frostyface', 'childe charity', 'queen wantall', 'dame civil', 'faith feignless']",7,"['hardhands', 'tinseltoes', 'fairfeather', 'buttertongue', 'loveleaves', 'drypenny', 'woodwender']",female
1898_meade-the-girls-of-st-wodes,18,"['jim', 'herodotus', 'lew', 'virgil', 'ericson', 'fowler', 'llewellyn', 'parker', 'dan', 'rupert', 'cologne', 'mr colchester', 'rupert colchester', 'mr forrest', 'mr essex', 'fox buildings', 'her majesty', 'leslie gilroy']",44,"['janie', 'lettie', 'wingfield', 'marjorie', 'annie', 'sydney', 'mabel', 'bach', 'ann', 'hester', 'alice', 'kitty', 'marjory', 'belle', 'florrie', 'susan', 'esther', 'letitia', 'jenny', 'jane', 'elfreda', 'maida vale', 'annie colchester', 'miss penrose', 'miss heriot', 'eileen chetwynd', 'miss frere', 'jane heriot', 'miss acheson', 'miss payne', 'marjorie chetwynd', 'florrie smart', 'miss fox', 'miss chetwynd', 'miss eileen', 'miss leslie', 'miss gilroy', 'miss leslie gilroy', 'miss colchester', 'belle acheson', 'miss lauderdale', 'miss ross', 'miss maple', 'aunt helen']",1,['musophilus'],female
1910_meade-sue-a-little-heroine,24,"['james', 'george', 'william', 'ronald', 'ronnie', 'jamie', 'pickles', 'giles', 'simeon', 'peter', 'james price', 'george anderson', 'peter harris', 'giles mason', 'major harvey', 'mr harvey', 'god himself', 'john atkins', 'uncle stephen', 'lord christ', 'father john', 'ronald harvey', 'big ben', 'simeon stylites']",15,"['eleanor', 'nutmeg', 'agnes', 'anne', 'cinderella', 'cricket', 'sue', 'georgina', 'mammy', 'connie connie', 'mrs anderson', 'mammy warren', 'agnes coppenger', 'mary jones', 'connie harris']",3,"['woice', 'lunnon', 'lunnun']",female
1900_meade-a-plucky-girl,28,"['paul', 'jim', 'james', 'solomon', 'fuller', 'home', 'wilmot', 'robert', 'anderson', 'jenkins', 'henry', 'albert', 'macalister', 'scofield', 'mr randolph', 'russell square', 'albert fanning', 'jim randolph', 'james randolph', 'mr walters', 'mr pattens', 'sumner place', 'god himself', 'paternoster row', 'sir henry severn', 'graham square', 'captain furlong', 'mr hardcastle']",20,"['berlin', 'emma', 'jasmine', 'mummy', 'mayfair', 'mary', 'providence', 'jane', 'jasmine thesiger', 'miss mitford', 'victoria cross', 'marion armstrong', 'miss wickham', 'miss westenra wickham', 'nurse marion', 'miss mullins', 'jane mullins', 'lady thesiger', 'miss armstrong', 'miss jane mullins']",4,"['bloomsbury', 'allthorp', 'westenra', 'westenra wickham']",female
1888_burnett-sara-crewe,5,"['uncle tom', 'large family', 'mr carmichael', 'select seminary', 'mr carrisford']",7,"['emily', 'missy', 'hindustani', 'sara', 'marie antoinette', 'miss amelia', 'miss minchin']",1,['ermengarde'],female
1907_nesbit-the-enchanted-castle,21,"['james', 'jimmy', 'conway', 'johnson', 'george', 'phoebus', 'bates', 'ciel', 'jimminy', 'hermes', 'jerry', 'gerald', 'holmes', 'zeus', 'halloa', 'dionysus', 'lord yalding', 'ugly wuglies', 'sir rupert', 'mr jefferson', 'ugly wugly']",18,"['cathy', 'mademoiselle', 'beauty', 'hera', 'farewell', 'flora', 'ugli', 'psyche', 'eliza', 'hebe', 'kathleen', 'mabel prowse', 'lady yalding', 'puss cat', 'share broker', 'beauty mabel', 'mademoiselle rapunzel', 'aunt emily']",1,['liddlesby'],female
1905_nesbit-new-treasure-seekers-or-the-bastable-children-in-search-of-a-fortune,8,"['oswald', 'jim', 'bates', 'jake', 'pincher', 'albert', 'dicky', 'sir james']",5,"['alice', 'ship', 'dora', 'chloe', 'miss sandal']",1,['bastables'],female
1876_ewing-six-to-sixteen-a-story-for-girls,31,"['clement', 'scotch', 'major', 'pincher', 'semitic', 'growler', 'clive', 'monsieur', 'nature', 'album', 'duc', 'papa', 'milliner', 'clem', 'adolphe', 'bustle', 'neddy', 'thomas', 'jack', 'edward', 'mr abercrombie', 'uncle buller', 'major buller', 'colonel buller', 'mr arkwright', 'mr vandaleur', 'mr gordon', 'mr george', 'captain abercrombie', 'arthur curling', 'mr henley']",27,"['emma', 'lucy', 'margaret', 'keziah', 'marguerite', 'victoire', 'vine', 'margery', 'madame', 'bridget', 'elspeth', 'adelaide', 'jeanette', 'ayah', 'miss vandaleur', 'eleanor arkwright', 'aunt theresa', 'miss eleanor', 'miss martin', 'miss ellen mulberry', 'nurse brown', 'miss ellen', 'miss mulberry', 'miss airlie', 'miss perry', 'miss lining', 'poor matilda']",3,"['saucebox', 'leadbetter', 'riflebury']",female
1850_sherwood-the-young-lord-and-other-tales-to-which-is-added-victorine-durocher,24,"['baronne', 'salency', 'picardy', 'basil', 'valmont', 'monsieur', 'charles', 'william', 'victorine', 'seigneur', 'baron', 'grenoble', 'frank', 'scripture', 'arthur', 'mr mannering', 'mr vernon', 'thomas bennett', 'monsieur delsac', 'lord sereton', 'dorsain d', 'monsieur le prieur', 'uncle dorsain', 'charles sidney']",19,"['peggy', 'rosiere', 'pauline', 'lisette', 'harriet', 'mary', 'madame', 'margoton', 'delphine', 'rosieres', 'felicie', 'mimi', 'harriet mannering', 'madame goton', 'dearest caliste', 'madame durocher', 'madame delsac', 'felicie durand', 'margoton durocher']",1,['salenciens'],female
1889_tytler-a-house-full-of-girls,35,"['ned', 'redcross', 'beauchamps', 'ord', 'jonathan', 'harry', 'torchon', 'growler', 'beauchamp', 'rector', 'honeyman', 'tray', 'burnet', 'wilkins', 'cyril', 'misses stone', 'mr robinson', 'mr tom', 'ned hewett', 'harry ironside', 'mr charles robinson', 'poor mr carey', 'mr tom robinson', 'tom robinson', 'colonel russell', 'mr carey', 'mr newton', 'welby square', 'mr st foy', 'mr pemberton', 'james carey', 'cyril carey', 'redcross manor', 'mr foljambe', 'headley grange']",43,"['kate', 'phyllis', 'susan', 'alcestis', 'annie', 'fanny', 'ella', 'providence', 'bella', 'maisie', 'lucy', 'thirza', 'maria', 'hester', 'markham', 'rose', 'bell hewett', 'lucy hewett', 'rose millar', 'aunt penny', 'miss stone', 'ella carey', 'miss lucilla', 'hester jennings', 'miss sill', 'thirza dyer', 'lady mary', 'queen elizabeth', 'fanny russell', 'miss vanhansen', 'miss burridge', 'annie millar', 'may millar', 'miss lascelles', 'queen charlotte', 'barbara franklin', 'miss may', 'dora millar', 'jenny coppock', 'miss dora', 'keturah vanhansen', 'phyllis carey', 'miss ironside']",3,"['robarts', 'woodleigh', 'admetus']",female
1882_delaramee-bimbi,46,"['lampblack', 'katte', 'timoteo', 'waldmar', 'urbino', 'cordova', 'pesaro', 'nurnberg', 'guidobaldo', 'christof', 'waldo', 'gubbio', 'hofer', 'rosenheim', 'findelkind', 'berg', 'savoie', 'raffaelle', 'munich', 'haarlem', 'veit', 'stefan', 'albrecht', 'luca', 'castello', 'gonzaga', 'theodoric', 'berengario', 'danube', 'maestro giorgio', 'messer ronconi', 'karl strehla', 'messer benedetto', 'maestro benedetto ronconi', 'don giorgio', 'kaiser max', 'signor giovanni', 'old world', 'signor benedetto', 'castel durante', 'august strehla', 'messer giovanni', 'maestro benedetto', 'ser benedetto', 'giovanni sanzio', 'augustin hirschvogel']",19,"['dorothea', 'ermengilda', 'faenza', 'sevres', 'rosa', 'esther', 'madonna', 'meissen', 'vienna', 'zirl', 'zell', 'louise', 'leoni', 'signer benedetto', 'rosa damascena', 'rose madder', 'poor pacifica', 'rosa indica', 'santa claus']",9,"['sonnstein', 'marienplatz', 'niphetos', 'martinswand', 'sprugg', 'arlberg', 'banksiae', 'jenbach', 'banksia']",female
1896_molesworth-philippa,8,"['solomon', 'bernard', 'wold', 'charley', 'palden', 'michael', 'michael gresham', 'bernard gresham']",8,"['evelyn', 'evey', 'marlby', 'philippa', 'merle', 'maida', 'mrs lermont', 'miss raynsworth']",1,['headfort'],female
1894_everett_green-the-secret-chamber-at-chad,15,"['chadwick', 'bertram', 'ralph', 'warbel', 'henry', 'julian', 'saviour', 'edred', 'dean colet', 'sir oliver chadgrove', 'sir oliver', 'brother emmanuel', 'sir edward chadwell', 'lord mortimer', 'brother fabian']",3,"['yea', 'benedictine', 'lady chadgrove']",5,"['lollard', 'lollards', 'beaumaris', 'lollardism', 'chadwater']",female
1853_yonge-the-heir-of-redclyffe,90,"['james', 'dickens', 'ashen', 'milan', 'southey', 'arnaud', 'apollo', 'sondrio', 'allonby', 'proteus', 'tom', 'jenkins', 'aeneas', 'leal', 'ben', 'sebastian', 'paul', 'sintram', 'genoese', 'robert', 'corfu', 'jem', 'charlie', 'todd', 'colico', 'robin', 'raffaelle', 'triton', 'whiteface', 'bellagio', 'shakspeare', 'maurice', 'becket', 'felix', 'william', 'hem', 'sam', 'deloraine', 'byron', 'edward', 'ovis', 'lord kilcoran', 'mr morville', 'captain morville', 'james robinson', 'mr gordon', 'jack white', 'harry graham', 'guy morville', 'mr shene', 'mr grey', 'fra cristoforo', 'cavaliere guido', 'mr ross', 'mr fielder', 'guy charles', 'james thorndale', 'ben robinson', 'mr lascelles', 'philip morville', 'mr harrison', 'sir hugh', 'mr edmonstone', 'mr ashford', 'mr wellwood', 'tom harewood', 'mr brownlow', 'harmonious blacksmith', 'mr brown', 'james ross', 'mr philip', 'king charles', 'mr gregson', 'captain morvilles', 'sir guy', 'de courcy', 'mr potts', 'mr redford', 'mr dixon', 'mr markham', 'master philip', 'colonel deane', 'mr morris', 'captain wellwood', 'sir galahad', 'sebastian dixon', 'archdeacon morville', 'jem ledbury', 'charles edmonstone', 'jonas ledbury']",46,"['amy', 'signora', 'lucia', 'mary', 'ellen', 'susan', 'verena', 'elizabeth', 'hollywell', 'vicenza', 'anne', 'fanny', 'madonna', 'helen', 'margaret', 'eva', 'venus', 'easter', 'varenna', 'joan', 'marianne', 'jane', 'achates', 'lady eveleen', 'mary ross', 'marianne dixon', 'margaret morville', 'miss morville', 'lady kilcoran', 'poor laura', 'laura edmonstone', 'margaret henley', 'lady thorndale', 'poor thorndale', 'childe harold', 'miss amabel', 'aunt charlotte', 'jenny robinson', 'laura laura', 'lady mabel edmonstone', 'miss alston', 'poor markham', 'amabel edmonstone', 'lady mabel', 'louisa harper', 'miss wellwood']",11,"['petrarch', 'dombey', 'thalaba', 'redclyffe', 'giaour', 'recoara', 'valtelline', 'halroyd', 'moorworth', 'stylehurst', 'coombe prior']",female
1894_everett_green-the-lost-treasure-of-trevlyn-a-story-of-the-days-of-the-gunpowder-plot,48,"['james', 'earl', 'nicholas', 'abraham', 'tyrrel', 'henry', 'thomas', 'viscount', 'cuthbert', 'fiddle', 'romanist', 'philip', 'dobbin', 'walter', 'martin', 'pope', 'joshua', 'guido', 'jacob', 'papist', 'anthony', 'rupert', 'peter', 'trevlyn chase', 'jacob dyson', 'master robert catesby', 'lord culverhouse', 'nicholas trevlyn', 'sir robert', 'budge row', 'guido fawkes', 'master catesby', 'sir richard', 'sir richard trevlyn', 'walter cole', 'robert catesby', 'master thomas percy', 'master anthony cole', 'long robin', 'hammerton heath', 'abraham dyson', 'lord andover', 'master kay', 'anthony cole', 'cuthbert trevlyn', 'martin holt', 'master harlow', 'father urban']",28,"['kezzie', 'ellen', 'bridget', 'bessie', 'esther', 'rachel', 'jemima', 'petronella', 'miriam', 'keziah', 'cherry', 'joanna', 'cecilia', 'alsatia', 'tresham', 'martha', 'mistress kate', 'keren happuch', 'lady humbert', 'aunt dowsabel', 'mary stuart', 'aunt susan', 'trevlyn trevlyn', 'prudence dyson', 'mistress susan', 'queen bess', 'lady frances', 'ellen wyvern']",3,"['episcopal', 'popery', 'whitefriars']",female
1906_nesbit-the-story-of-the-amulet,25,"['rekh', 'moses', 'cooke', 'fitzroy', 'citizenship', 'guards', 'babylon', 'roman', 'robert', 'amulet', 'carter', 'squirrel', 'tyre', 'daddy', 'panther', 'pharaoh', 'poseidon', 'sammy', 'lemmings', 'cyril', 'stock exchange', 'ancient history', 'julius caesar', 'divine father', 'cyril robert anthea']",8,"['kew', 'madeira', 'marcella', 'atlantis', 'ma', 'venus', 'jane', 'mulberry bush']",6,"['britons', 'megatheriums', 'psammead', 'pheles', 'discobolos', 'baalbec']",female
1897_meade-wild-kitty,25,"['jim', 'fred', 'leopard', 'forbes', 'joe', 'macpherson', 'steward', 'kit', 'fido', 'pointer', 'paddy', 'maurice', 'sam', 'mr harley', 'god himself', 'paddy wheel', 'blarney stone', 'wild kitty', 'rule iv', 'squire malone', 'castle malone', 'county donegal', 'fred denvers', 'sam raynes', 'harley grove']",38,"['gwin', 'caroline', 'judy', 'mary', 'daneen', 'bridget', 'bessie', 'annie', 'agnes', 'laurie', 'maggie', 'alice', 'florrie', 'jessie', 'matilda', 'coulin', 'car', 'pat', 'mary davies', 'miss helma', 'miss worrick', 'miss harley', 'miss carrie', 'marcia tyndal', 'poor kitty', 'miss sherrard', 'agnes moore', 'kitty malone', 'aunt charlotte', 'alice denvers', 'mrs lewis', 'aunt honora', 'gwin harley', 'miss elma', 'poor elma', 'elma lewis', 'miss honora', 'florrie raynes']",3,"['hodgsons', 'ballyshannon', 'saltbury']",female
1877_molesworth-the-cuckoo-clock,4,"['dermot', 'mr crouch', 'mr kneebreeches', 'master phil']",4,"['griselda', 'dorcas', 'eileen', 'aunt grizzel']",1,['mswyne'],female
1890_molesworth-robin-redbreast-a-story-for-girls,11,"['jass', 'green', 'greens', 'marmaduke', 'marmaduke denison', 'robin redbreast', 'lord elvedon', 'uncle marmy', 'master eugene', 'hedge end', 'colonel mildmay']",27,"['phebe', 'bessie', 'basse', 'margaret', 'camilla', 'francie', 'frances', 'jassie', 'eugenia', 'mrs mildmay', 'lady myrtle', 'mrs denison', 'prissy beckingham', 'aunt alison', 'camilla harper', 'miss scarlett', 'market square place', 'aunt flora', 'misses scarlett', 'jacinth mildmay', 'miss alison mildmay', 'mrs burton', 'alison mildmay', 'lady myrtle goodacre', 'bessie harper', 'miss jacinth', 'brook bank']",3,"['stannesley', 'aldersmere', 'barmettle']",female
1907_meade-the-little-school-mothers,19,"['jim', 'ralph', 'sparkie', 'cecil', 'frost', 'bo', 'harry', 'bobbie', 'bluefeather', 'robin', 'edward', 'dobbin', 'peter', 'curly pate', 'sea gull', 'edward starling', 'cecil amberley', 'ralph durrant', 'malcolm durrant']",39,"['janie', 'polly', 'maria', 'anastasia', 'frederica', 'annie', 'miriam', 'flavia', 'nettle', 'constance', 'cora', 'robina', 'pattie', 'vivian', 'violet', 'patty', 'poor harriet', 'poor jane', 'miss ford', 'miss felicia', 'rose amberley', 'miss sparke', 'constance amberley', 'aunt felice', 'miss devigny', 'jane bush', 'mrs starling', 'mrs joseph', 'harriet harriet', 'mrs pyke', 'robina starling', 'patience chetwold', 'agnes winter', 'frederica chetwold', 'cissie price', 'mrs burton', 'vivian amberley', 'mrs temple', 'miss jennings']",1,['wobbin'],female
1872_meade-scamp-and-i-a-story-of-city-by-ways,15,"['jim', 'swan', 'jerry', 'willie', 'adam', 'saviour', 'scamp', 'edgar', 'saint giles', 'buckingham palace', 'jenks dick', 'god himself', 'william jenks', 'epsom downs', 'buxton ward']",13,"['heve', 'annie', 'nazareth', 'eve', 'maxey', 'janey', 'flo', 'lady countess', 'my christ', 'miss mary', 'flo darrell', 'mrs jenks', 'miss mary graham']",1,['bucknam palace'],female
1895_molesworth-the-carved-lions,9,"['crowley', 'haddie', 'fernley', 'sis', 'haddon', 'great mexington', 'green bank', 'mr cranston', 'mr raby']",10,"['geraldine', 'lydia', 'aunty', 'susan', 'myra', 'miss fenmore', 'miss fryer', 'aunty etta', 'miss ledbury', 'miss aspinall']",0,[],female
1863_tucker-the-crown-of-success,23,"['preposition', 'geography', 'pronoun', 'alphabet', 'verb', 'parade', 'puzzle', 'matty', 'amusement', 'bother', 'noun', 'dick', 'affection', 'education', 'adjective', 'duty', 'mr learning', 'mr fiction', 'mr reading', 'mr arithmetic', 'mr history', 'mr chemistry', 'dick lubin']",5,"['nelly', 'miss folly', 'lady fashion', 'nelly desley', 'dame desley']",0,[],female
1887_meade-the-palace-beautiful,21,"['frankie', 'lawson', 'joseph', 'spiller', 'henry', 'mansell', 'dredge', 'arthur', 'tommy', 'mr jones', 'mr noel', 'mr ellsworthy', 'mr danesfield', 'captain mainwaring', 'palace beautiful', 'arthur noel', 'woodbine cottage', 'mr dove', 'paternoster row', 'misses price', 'tommy dove']",34,"['kate', 'sarah', 'biddy', 'constantia', 'tower', 'susan', 'pink', 'bridget', 'hannah', 'miss mainwaring', 'miss primrose mainwaring', 'daisy poppy', 'constantia warren', 'penelope mansion', 'sarah janes', 'miss daisy', 'miss martineau', 'poppy jenkins', 'sarah ann', 'miss jasmine mainwaring', 'jasmine mainwaring', 'miss primrose', 'queen rose', 'sophia martineau', 'primrose mainwaring', 'aunt flint', 'hannah martin', 'miss jasmine', 'mrs jones', 'sarah mary', 'miss egerton', 'miss slowcum', 'little daisy', 'daisy mainwaring']",3,"['eyebright', 'rosebury', 'mortlock']",female
1879_coleridge-the-constant-prince,48,"['saviour', 'christians', 'castile', 'moors', 'christian', 'cornish', 'christendom', 'galahad', 'jussuf', 'hassan', 'batalha', 'lisbon', 'sagres', 'manoel', 'john', 'moor', 'psalms', 'ceuta', 'selim', 'pereira', 'pope', 'aragon', 'paolo', 'edward', 'moussa', 'urgel', 'prince fernando', 'father jose', 'saint george', 'harry hartsed', 'walter northberry', 'master harry', 'dom pedro', 'king duarte', 'northberry manor', 'dom joao', 'sir walter', 'king harry', 'dom jose', 'brother martin', 'grand master', 'dom enrique', 'moussa ben hadad', 'dom alvarez', 'senor dom alvarez', 'young hartsed', 'dom francisco', 'dom fernando']",26,"['kate', 'granada', 'barbary', 'leila', 'nella', 'katharine', 'ayesha', 'eleanor', 'nell', 'braga', 'adela', 'fez', 'tangier', 'zala', 'zarah', 'catalina', 'avis', 'arzella', 'eleanor northberry', 'dona blanca', 'queen leonor', 'nella northberry', 'english queen', 'queen leonora', 'queen philippa', 'dame agnes']",3,"['lazurac', 'mussulman', 'saccavem']",female
1909_burnett-barty-crusoe-and-his-man-saturday,7,"['barty', 'tim', 'mr bajorum', 'baboo bajorum', 'robinson crusoe', 'blue crest', 'good wolf']",0,[],0,[],female
1860_yonge-countess-kate,21,"['james', 'collect', 'armyn', 'poer', 'ernest', 'charles', 'miladi', 'charlie', 'arabs', 'orpheus', 'bartley', 'frank', 'miladi barbe', 'mr brown', 'mr wardour', 'colonel umfraville', 'loch katrine', 'allan bane', 'cardinal wolsey', 'uncle giles', 'mr mercer']",34,"['frenchwoman', 'bohemia', 'chancery', 'sylvia', 'addie', 'alice', 'mary', 'ellen', 'katie', 'katharine', 'josephine', 'hilda', 'lily', 'diana', 'hermione', 'adelaide', 'lady jane', 'miss wardour', 'lady barbara umfraville', 'sylvia wardour', 'poor kate', 'sylvia joanna', 'aunt jane', 'aunt barbara', 'lady caergwent', 'lady barbara', 'miss oswald', 'amelia matilda bunny', 'lady fanny', 'crystal palace', 'aunt emily', 'mary wardour', 'countess kate', 'lady ethelinda']",2,"['oldburgh', 'poers']",female
1887_molesworth-silverthorns,13,"['ted', 'basil', 'jerry', 'sam', 'miller', 'gervais', 'edward', 'arthur', 'dr lewis', 'britton garnett', 'herr marklestatter', 'gervais waldron', 'gueda knox']",25,"['amy', 'claudia', 'lalage', 'alix', 'fanny', 'marion', 'edith', 'gueda', 'gretham', 'charlotte', 'kelpie', 'aunt mildred', 'miss waldron', 'miss lathom', 'mrs ball', 'miss meredon', 'lady mildred osbert', 'charlotte waldron', 'lady mildred', 'claudia meredon', 'mrs carteret', 'miss knox', 'mrs knox', 'fanny lathom', 'miss lloyd']",3,"['rectory', 'silverthorns', 'wortherham']",female
1868_stretton-little-megs-children,4,"['robin', 'robbie', 'george', 'robert fleming']",6,"['thy', 'peggy', 'kitty', 'meg', 'mrs christie', 'mrs blossom']",0,[],female
1889_meade-polly-a-new-fashioned-girl,26,"['paul', 'patrick', 'simpkins', 'dave', 'george', 'brewsters', 'flooder', 'david', 'nathaniel', 'poll', 'scorpion', 'zebedee', 'hush', 'zeb', 'andrew', 'bob', 'watson', 'fly', 'robinson crusoe', 'mr masters', 'tyrsley dale', 'farmer long', 'poll parrot', 'micah jones', 'master bunny', 'sleepy hollow']",35,"['lucy', 'mabel', 'daisy', 'nell', 'dolly', 'ann', 'flinder', 'maggie', 'alice', 'missy', 'katie', 'susan', 'cinder', 'jane', 'mag', 'miss polly', 'maria cameron', 'miss dalrymple', 'polly maybright', 'miss flower', 'aunt maria', 'maggie ricketts', 'flower dalrymple', 'polly parrot', 'poor polly', 'jane power', 'aunt maria cameron', 'miss grinsted', 'miss jenkins', 'peg top moor', 'miss firefly', 'daisy rymple', 'miss helen', 'polly polly', 'peg top']",1,['joneses'],female
1886_meade-a-world-of-girls,24,"['jim', 'hannibal', 'perier', 'cecil', 'thomas', 'tiger', 'michael', 'moses', 'wallace', 'jethro', 'willis', 'rover', 'maps', 'mr everard', 'god himself', 'cecil temple', 'harry sandwith', 'captain forest', 'mr henty', 'sir john thornton', 'king alfred', 'muddy stream', 'misses bruce', 'humpty dumpty']",39,"['nora', 'phyllis', 'mary', 'susan', 'betty', 'eyre', 'peggy', 'alice', 'zillah', 'mdlle', 'easter', 'dora', 'hester', 'susy', 'hannah', 'mother rachel', 'annie nan', 'poor annie', 'mary morris', 'susan drummond', 'mary price', 'annie forest', 'miss conway', 'miss danesbury', 'miss agnes bruce', 'miss russell', 'miss good', 'miss hetty', 'hester thornton', 'miss temple', 'miss jane', 'miss agnes', 'julia morris', 'miss drummond', 'marie antoinette', 'mary bell', 'susy drummond', 'miss nan', 'dora russell']",3,"['amuba', 'williamses', 'meanderings']",female
1893_everett_green-in-the-days-of-chivalry-a-tale-of-the-times-of-the-black-prince,53,"['caen', 'perigord', 'malcolm', 'oliver', 'rouen', 'scots', 'gascon', 'gascony', 'raymond', 'frenchmen', 'abbeville', 'roger', 'sanctuary', 'castres', 'bordeaux', 'manors', 'nat', 'genoese', 'philip', 'broc', 'rector', 'arnald', 'louis', 'orthez', 'stephen', 'william', 'eustache', 'alexander', 'andrew', 'peter', 'father anselm', 'round table', 'holy father', 'young edward', 'sir james', 'english king', 'gobin agace', 'master huntsman', 'sir hugh', 'peter sanghurst', 'father paul', 'sir knight', 'nephew john', 'sir gaston', 'master bernard', 'black death', 'de brocas', 'roy outremer', 'sir galahad', 'sir james audley', 'sir john', 'sir hugh vavasour', 'james audley']",13,"['alicia', 'saut', 'jean', 'bridget', 'margot', 'brittany', 'constanza', 'crecy', 'annette', 'joanna', 'joan', 'calais', 'joan vavasour']",7,"['navailles', 'cistercian', 'anglaises', 'basildene', 'gascons', 'sauveterre', 'woodcrych']",female
1890_molesworth-the-children-of-the-castle,5,"['joseph', 'adam', 'master bertrand', 'winfried winfried', 'master winfried']",8,"['ulrica', 'bertha', 'joan', 'poor mavis', 'cousin hortensia', 'poor bertrand', 'miss ruby', 'miss mavis']",0,[],female
1901_everett_green-in-the-wars-of-the-roses-a-story-for-the-young,23,"['simon', 'hush', 'henry', 'will', 'anjou', 'jack', 'sultan', 'peter', 'sir james', 'sir richard crofts', 'jack devenish', 'simon dowsett', 'will ives', 'fire eater', 'much waltham', 'farmer devenish', 'sir paul', 'black notley', 'lord wenlock', 'brother lawrence', 'sledge hammer george', 'king edward', 'paul stukely']",9,"['margaret', 'eva', 'madge', 'mistress joan', 'lady anne', 'joan devenish', 'mistress devenish', 'lady stukely', 'leighs priory']",3,"['yorkist', 'figeon', 'lollardism']",female
1835_sherwood-shanty-the-blacksmith-a-tale-of-other-times,5,"['laird', 'charles', 'jacob', 'mr dymock', 'mr salmon']",6,"['rachel', 'margaret', 'brindle', 'tamar', 'shanty', 'rebecca']",1,['harefoot'],female
1869_ewing-the-land-of-lost-toys,9,"['sam', 'noah', 'deor', 'johnnie', 'tommy', 'granny', 'son thomas', 'tommy trout', 'farmer swede']",5,"['tailor', 'brownie', 'brownies', 'puss', 'miss dot']",2,"['boggarts', 'deordie']",female
1877_sewell-black-beauty,50,"['james', 'blantyre', 'john', 'larry', 'norman', 'rory', 'hotspur', 'bill', 'jerry', 'robert', 'tom', 'samson', 'alfred', 'dick', 'harry', 'willie', 'jakes', 'max', 'smith', 'jones', 'ned', 'skinner', 'grant', 'blackbird', 'jack', 'reuben', 'joe', 'black auster', 'mr york', 'black beauty', 'mr gordon', 'rob roy', 'mr clay', 'squire gordon', 'sir oliver', 'james howard', 'governor gray', 'mr blomefield', 'jeremiah barker', 'mr barry', 'lord george', 'mr briggs', 'mr thoroughgood', 'seedy sam', 'alfred smirk', 'joe green', 'john manly', 'farmer grey', 'sir clifford', 'jerry barker']",15,"['polly', 'peggy', 'ladybird', 'lizzie', 'nelly', 'dolly', 'mary', 'ginger', 'dinah', 'darkie', 'miss flora', 'miss jessie', 'lady anne', 'miss blomefield', 'miss ellen']",3,"['merrylegs', 'birtwick', 'filcher']",female
1857_tucker-the-rambles-of-a-rat,15,"['shabby', 'oddity', 'ratto', 'wisky', 'furry', 'shakespeare', 'billy', 'bob', 'neddy', 'matwei', 'mus', 'lemmings', 'peter', 'musk rat', 'captain blake']",3,"['vatka', 'mary', 'parton']",4,"['cronstadt', 'whiskerandos', 'dwishtswatshiksky', 'zibethicus']",female
1897_molesworth-hoodie,2,"['martin', 'hec']",4,"['lucy', 'miss hoodie', 'miss maudie', 'cousin magdalen']",0,[],female
1855_yonge-the-lances-of-lynwood,83,"['fleche', 'earl', 'ralph', 'charles', 'castle', 'baron', 'damoiseaux', 'montfort', 'mortimer', 'buch', 'castile', 'gascon', 'esquire', 'pedro', 'gascony', 'guy', 'bordelais', 'bearn', 'orthon', 'castellane', 'pierre', 'bordeaux', 'thibault', 'simon', 'chateau', 'carcassonne', 'montauban', 'ferragus', 'montford', 'martin', 'clisson', 'lances', 'beranger', 'tristan', 'leonard', 'john chandos', 'father cyril', 'sir henry', 'master gaston', 'sir king', 'sir richard ferrars', 'master henry neville', 'john ingram', 'eustace lynwood', 'master leonard ashton', 'sir william felton', 'thibault sanchez', 'sir reginald', 'sir philip ashton', 'uncle eustace', 'brother michael', 'master arthur', 'master michael', 'reginald lynwood', 'sir bertrand', 'sir philip', 'messire bertrand', 'edward iii', 'sir richard', 'black wolf', 'chateau norbelle', 'sir knight', 'montjoie st denis', 'sir fulk', 'arthur lynwood', 'prince edward', 'du guesclin', 'borgne basque', 'lord edward', 'sir oliver', 'sir squire', 'messire oliver', 'sir john', 'blanc etoile', 'cousin agnes', 'provost marshal', 'ralph penrose', 'leonard ashton', 'lord harry', 'lynwood keep', 'sir perduccas', 'don enrique', 'king edward']",13,"['aquitaine', 'jean', 'brittany', 'maure', 'lady muriel', 'knight banneret', 'lady maude', 'dame eleanor lynwood', 'lady agnes', 'dame eleanor', 'fulk clarenham', 'le borgne basque', 'lady lynwood']",4,"['albricorte', 'zadorra', 'montagudo', 'corasse']",female
1907_meade-three-girls-from-school,21,"['clement', 'jew', 'zick', 'dawson', 'sam', 'geoffrey', 'dan', 'parker', 'billy', 'zermatt', 'dobbin', 'rover', 'uncle horace', 'uncle josiah', 'uncle maurice', 'john saxon', 'grand hotel', 'norton paget', 'sam freeman', 'beau sejour', 'cousin john']",37,"['brooke', 'lor', 'agnes', 'susie', 'tilda', 'priscie', 'constance', 'priscilla', 'susan', 'esther', 'shelfy', 'martha', 'flora', 'rashleigh', 'peggie', 'rashleigh rectory', 'miss weir', 'mrs freeman', 'tilda freeman', 'may flower', 'mrs shelf', 'miss mabel', 'poor annie', 'mabel lushington', 'lady lushington', 'aunt hennie', 'priscilla weir', 'susan martin', 'mrs priestley', 'miss annie', 'martha jones', 'poor may', 'mrs ogilvie', 'henrietta lushington', 'mrs lyttelton', 'mrs martin', 'aunt henrietta']",2,"['lunnon', 'dewlip']",female
1898_meade-a-bunch-of-cherries-a-story-of-cherry-court-school,12,"['major', 'tommy', 'sebastopol', 'tom', 'hills', 'garter', 'peter', 'john wallis', 'edith king', 'english history', 'sir john', 'major sharston']",33,"['florry', 'bertha', 'mabel', 'dolly', 'helen', 'mummy', 'alice', 'mary', 'florence', 'edith', 'sukey', 'flo', 'mary bateman', 'aunt susan', 'kitty sharston', 'miss aylmer', 'queen elizabeth', 'cherry feast', 'florence aylmer', 'miss helen dartmoor', 'ann pratt', 'bertha keys', 'catherine sharston', 'helen dartmoor', 'miss bateman', 'alice cunningham', 'miss macgregor', 'dolly fairfax', 'miss florence aylmer', 'currer bell', 'mademoiselle le brun', 'kitty kitty', 'miss dartmoor']",4,"['heroism', 'scholarship', 'hilchester', 'clavering']",female
1902_potter-the-tale-of-peter-rabbit,1,['peter'],0,[],0,[],female
1902_molesworth-peterkin,7,"['james', 'clement', 'pete', 'clem', 'giles', 'gilley', 'master peterkin']",9,"['margaret', 'elf', 'blanchie', 'beryl', 'blanche', 'miss bogle', 'miss elvira', 'lindsay square', 'miss wylie']",0,[],female
1879_molesworth-the-tapestry-room-a-childs-romance,2,"['hugh', 'barbarie']",7,"['dudu', 'mademoiselle', 'marcelline', 'madame', 'charlotte', 'mademoiselle eliane', 'mademoiselle jeanne']",2,"['houpet', 'mesdemoiselles']",female
1841_martineau-the-settlers-at-home,13,"['gool', 'george', 'geordie', 'bishop', 'stephen', 'oliver', 'axholme', 'roger', 'spy', 'stephen redfurn', 'pastor dendel', 'saint mary', 'roger redfurn']",4,"['mildred', 'nan', 'nan redfurn', 'mrs linacre']",2,"['sandtoft', 'ailwin']",female
1899_nesbit-the-story-of-the-treasure-seekers,21,"['hardy', 'dickens', 'pincher', 'foulkes', 'oswald', 'noel', 'kipling', 'dick', 'ellis', 'albert', 'dicky', 'oswald bastable', 'castilian amoroso', 'horace octavius', 'lord tottenham', 'guy fawkes', 'sam redfern', 'jim carlton', 'claude duval', 'dick turpin', 'indian uncle']",7,"['annie', 'dora', 'alice', 'hildegarde', 'jane', 'eliza', 'mrs leslie']",0,[],female
1875_molesworth-tell-me-a-story,10,"['ted', 'caesar', 'hughie', 'evan', 'charlie', 'jock', 'frisken', 'frank', 'black tom', 'master con']",19,"['winny', 'betsy', 'lena', 'janet', 'blanche', 'frances', 'nance', 'poupee', 'lily', 'hortense', 'madge', 'connemara', 'meg', 'frances gordon', 'miss judy', 'mrs gordon', 'miss louisa', 'mary ann', 'mary ann jolly']",0,[],female
1883_molesworth-two-little-waifs,14,"['paris', 'walter', 'papa', 'roger', 'adolphe', 'snowball', 'wilfred', 'gladdie', 'marseilles', 'murray', 'murrays', 'madame nestor', 'captain bertram', 'mr marton']",10,"['ellen', 'gladys', 'madame', 'anna', 'auntie', 'rosamond', 'rue verte', 'miss susan', 'market lilford', 'miss fern']",0,[],female
1886_molesworth-christmas-tree-land,3,"['claus', 'marc', 'master rollo']",4,"['nanni', 'lady venelda', 'mademoiselle delphine', 'miss maia']",0,[],female
1886_delaramee-a-houseparty,59,"['orme', 'george', 'disraeli', 'piero', 'cecil', 'lothario', 'lombard', 'burke', 'briton', 'gordon', 'paris', 'toniello', 'harry', 'petersburg', 'chaumont', 'othello', 'fulva', 'paul', 'rochefort', 'virgil', 'brosses', 'roman', 'figaro', 'stuarts', 'virot', 'romeo', 'chancellor', 'horace', 'strephon', 'tasso', 'alan', 'dodo', 'augustus', 'ovid', 'lawrence', 'jack', 'falko', 'lord brandolin', 'dick wootton', 'mr gladstone', 'arthur audley', 'lord gervase', 'ser baldo', 'wriothesley ormond', 'george usk', 'don gesualdo', 'lawrence hamilton', 'orleans club', 'tasso tassilo', 'falko melegari', 'paul sabaroff', 'lord baird', 'sir adolphus', 'san zenone', 'lord hampshire', 'hugo mountjoy', 'mr john best', 'lord iona', 'sir hugo']",41,"['cleopatra', 'jill', 'bocca', 'nicoletta', 'marca', 'candida', 'judic', 'bois', 'generosa', 'hindoo', 'lilie', 'caillac', 'dorothy', 'dieu', 'babe', 'chloe', 'boom', 'madonna', 'juliet', 'easter', 'trouville', 'dolly', 'hermione', 'teresina', 'xenia sabaroff', 'lady dawlish', 'leila faversham', 'madame sabaroff', 'miss hoard', 'lady leamington', 'aunt carrie', 'dolly usk', 'sainte nitouche', 'queen anne', 'lady gwendolen chichester', 'lady dolgelly', 'dulcia waverley', 'nina curzon', 'lady gladys', 'dorothy usk', 'lady usk']",10,"['goggles', 'coombe', 'achnalorrie', 'hindoos', 'surrenden', 'ranelagh', 'britons', 'litroff', 'lustoff', 'coombe bysset']",female
1892_molesworth-the-girls-and-i-a-veracious-history,3,"['jack', 'rowley', 'mr parsley']",12,"['serena', 'serry', 'dorothea', 'anne', 'linny', 'hebe', 'judith', 'maudie', 'maud', 'valeria', 'miss cross', 'miss stirling']",0,[],female
1909_potter-the-tale-of-ginger-and-pickles,1,['pickles'],1,['ginger'],0,[],female
1904_burnett-in-the-closed-room,3,"['haldon', 'jem', 'jem foster']",5,"['jane', 'judith', 'judy', 'aunt hester', 'jane foster']",0,[],female
1903_potter-the-tailor-of-gloucester,0,[],0,[],0,[],female
1890_coleridge-maud-florence-nellie,28,"['james', 'george', 'lennox', 'henry', 'ned', 'apollo', 'ashcroft', 'matty', 'wyn', 'raby', 'harry', 'robertson', 'alwyn', 'edgar', 'granny', 'sir philip carleton', 'ned warren', 'ashcroft wood', 'alwyn cunningham', 'harry whittaker', 'wyn warren', 'edgar cunningham', 'sir philip', 'henry whittaker', 'philip carleton', 'james cunningham', 'charles warren', 'jim blake']",40,"['liza', 'bessie', 'polly', 'ethel', 'sybil', 'carrie', 'val', 'mattie', 'corinne', 'ada', 'florrie', 'bunny', 'alberta', 'florence', 'martha', 'miss lily', 'mrs murray', 'miss lee', 'aunt eliza', 'martha jane', 'aunt lizzie', 'florrie whittaker', 'mrs warren', 'miss mordaunt', 'miss whittaker', 'grace elton', 'florence whittaker', 'lily carleton', 'aunt charlotte', 'mrs lee', 'maria wilson', 'lady carleton', 'miss dallas', 'mrs stroud', 'aunt stroud', 'maud florence nellie', 'ada price', 'mrs fletcher', 'miss hardman', 'miss geraldine']",2,"['rapley', 'dobbles']",female
1904_potter_the-tale-of-two-bad-mice,0,[],2,"['lucinda', 'jane']",0,[],female
1910_meade-betty-vivian-a-story-of-haddo-court-school,28,"['het', 'ephraim', 'craigie', 'haddo', 'fritz', 'donald', 'dickie', 'sammy', 'ben', 'adair', 'david', 'harris', 'scotch', 'anderson', 'dan', 'andrew', 'sib', 'uncle john', 'donald macfarlane', 'mr fairfax', 'sir john crawford', 'rule vi', 'rule no', 'jeremy taylor', 'farmer miles', 'craigie muir', 'john crawford', 'sir john']",44,"['emma', 'sarah', 'mary', 'jean', 'fan', 'beersheba', 'fanny', 'olive', 'julia', 'bettina', 'deborah', 'susie', 'margaret', 'anna', 'sylvia', 'bet', 'hester', 'hetty', 'martha', 'sibyl', 'jean macfarlane', 'fanny crawford', 'mary arundel', 'sister helen', 'martha west', 'aunt amelia', 'miss oxley', 'susie rushworth', 'mary bertram', 'sarah butt', 'miss betty', 'margaret grant', 'aunt frances', 'misses vivian', 'miss frances vivian', 'miss symes', 'betty betty', 'sibyl ray', 'olive repton', 'miss betty vivian', 'beatrice vivian', 'betty vivian', 'miss ludlow', 'julia bertram']",1,['mileses'],female
1904_everett_green-the-sign-of-the-red-cross-a-tale-of-old-london,21,"['tush', 'fido', 'james', 'ben', 'job', 'frederick', 'joseph', 'benjamin', 'harry', 'sodom', 'dan', 'andrew', 'reuben', 'master harmer', 'moor fields', 'reuben harmer', 'frederick mason', 'lord desborough', 'james harmer', 'master builder', 'madam mason']",15,"['gertrude', 'dorcas', 'margaret', 'janet', 'rebecca', 'rachel', 'dinah', 'madam', 'mary harmer', 'dinah morse', 'lady howe', 'lady scrope', 'aunt mary', 'lady desborough', 'rachel harmer']",1,['scourer'],female
1888_molesworth-a-christmas-posy,5,"['paul', 'ralph', 'riquet', 'bernard', 'rex']",7,"['olive', 'emilia', 'molly', 'sylvia', 'madame', 'poor auntie', 'aunt lois']",0,[],female
1887_leslie-kates-ordeal,2,"['william', 'william minn']",13,"['kate', 'mary', 'marion', 'bella', 'katie', 'esther', 'aunt ellen', 'katie haydon', 'kate haydon', 'esther odell', 'mary green', 'miss eldon', 'lady hazeldean']",0,[],female
1891_meade-a-sweet-girl-graduate,17,"['tennyson', 'peters', 'cicero', 'poll', 'hush', 'geoffrey', 'spilman', 'euripides', 'aristotle', 'cyril', 'mr hammond', 'geoffrey hammond', 'ask mr hammond', 'elliot smiths', 'prometheus vinctus', 'elliot smith', 'mr hayes']",47,"['dorothea', 'rosalind', 'meta', 'susan', 'nance', 'annie', 'melissa', 'nancy', 'hattie', 'rosie', 'lucy', 'annabel', 'helen', 'maggie', 'constance', 'priscilla', 'katie', 'miss vincent', 'miss peel', 'lucy marsh', 'miss lee', 'annabel lee', 'nancy banister', 'miss forbes', 'miss oliphant', 'priscilla penywern peel', 'miss field', 'miss merton', 'susan duncan', 'hetty jones', 'meta elliot smith', 'poor polly', 'miss jones', 'rosalind merton', 'rose merton', 'miss singleton', 'miss eccleston', 'aunt raby', 'madame clarice', 'miss heath', 'poor prissie', 'puritan prissie', 'priscilla peel', 'miss banister', 'ada hardy', 'polly singleton', 'maggie oliphant']",5,"['kingsdene', 'kingsdeneshire', 'beechers', 'propriety', 'penywern cottage']",female
1886_molesworth-us-an-old-fashioned-story,7,"['mick', 'tim', 'toby', 'cook', 'marmaduke', 'peter', 'farmer carson']",8,"['barbara', 'pam', 'pamela', 'nurse', 'lavinia', 'biddy', 'diana', 'miss mitten']",6,"['grandpapa', 'dymock', 'monkhaven', 'brigslade', 'grandmamma', 'sandlingham']",female
1901_molesworth-the-wood-pigeons-and-mary,12,"['baba', 'magpie', 'moll', 'mike', 'fritz', 'twitter', 'tom', 'thomas', 'jackdaw', 'michael', 'crook edge', 'levin forest']",10,"['molly', 'cinderella', 'milly', 'blanche', 'myrtle', 'pleasance', 'charlotte', 'miss mary', 'miss verity', 'mrs coo']",2,"['levinside', 'cooies']",female
1880_molesworth-a-christmas-child-a-sketch-of-a-boy-life,16,"['dod', 'jim', 'abel', 'percy', 'mab', 'david', 'rex', 'teddy', 'chevie', 'jamie', 'jack', 'beast', 'cis', 'mr newton', 'master ted', 'uncle ted']",8,"['polly', 'gertrude', 'jill', 'mabel', 'narcissa', 'esther', 'poor ted', 'miss cissy']",2,"['hatchard', 'cheviott']",female
1906_everett_green-fallen-fortunes,25,"['hugh', 'europe', 'mohawks', 'dicon', 'don', 'dick', 'jock', 'lionel', 'barcelona', 'judas', 'bartholomew dumaresq', 'sir grey dumaresq', 'lionel field', 'lord sandford', 'don carlos', 'prince eugene', 'sir grey', 'kensington palace', 'anthony frewen', 'grey dumaresq', 'lord romaine', 'mr wylde', 'mr barty', 'mr butler', 'father time']",6,"['providence', 'lady romaine', 'lady geraldine adair', 'queen anne', 'lady geraldine', 'dame fortune']",2,"['ramillies', 'hartsbourne']",female
1894_molesworth-my-new-home,11,"['pert', 'percival', 'harry', 'quintin', 'gerard nestor', 'master lindsay', 'cousin cosmo', 'mr timbs', 'cousin agnes', 'quick french', 'mr vandeleur']",12,"['dolly', 'sharley', 'val', 'anna', 'vallie', 'nan', 'kezia', 'charlotte', 'dollysweet', 'miss helena', 'windy gap', 'miss linden']",0,[],female
1900_everett_green-esthers-charge-a-story-for-girls,9,"['pickle', 'swan', 'herbert', 'hermitage', 'uncle bob', 'mr trelawny', 'uncle arthur', 'uncle robert', 'mr earle']",8,"['bertie', 'puck', 'prissy', 'milly', 'goldylocks', 'essie', 'genefer', 'miss esther']",0,[],female
1869_ewing-mrs-overtheways-remembrances,19,"['john', 'cotton', 'walton', 'metcalfe', 'irishman', 'thompson', 'carlo', 'barker', 'granny', 'mr joseph', 'mr ward', 'father albatross', 'mr smith', 'mr bartlett', 'uncle james', 'mr moss', 'uncle garbett', 'john smith', 'mr sandford']",19,"['kate', 'sarah', 'cecilia', 'nursey', 'nurse', 'fatima', 'gerda', 'cecy', 'elizabeth', 'miss eden', 'miss mary', 'miss ida', 'miss martha', 'miss lucy', 'aunt harriet', 'miss jones', 'sandy tom', 'mother albatross', 'poor anastatia']",0,[],female
1910_potter-the-tale-pf-mrs-tittlemouse,0,[],0,[],0,[],female
1877_ewing-a-great-emergency-and-other-tales,30,"['albion', 'james', 'john', 'aladdin', 'bobby', 'major', 'bishop', 'tom', 'charlie', 'dick', 'dandy', 'richard', 'bob', 'rupert', 'granny', 'master charles', 'mr bustard', 'south devon', 'mr smith', 'mr thomas johnson', 'woolly beast', 'master philip', 'thomas johnson', 'samuel rowe', 'johnson minor', 'mr rampant', 'master fred', 'mr clinton', 'fred johnson', 'twelve travellers']",20,"['podmore', 'betsy', 'thy', 'darling', 'henny', 'alice', 'nurse', 'mary', 'jemima', 'jane', 'madam', 'mrs johnson', 'lucy lambent', 'aunt isobel', 'linnet flash', 'miss henrietta', 'madam liberality', 'nine elms', 'tidal basin', 'baby cecil']",2,"['perronet', 'huckaback']",female
1892_everett_green-the-lord-of-dynevor-a-tale-of-the-times-of-edward-the-first,20,"['welshman', 'godfrey', 'poleyn', 'llewelyn', 'raoul', 'david', 'howel', 'britton', 'towy', 'einon', 'cadwalader', 'gelert', 'caradoc', 'raoul latimer', 'sir res', 'res vychan', 'res wendot', 'lord montacute', 'prince alphonso', 'king edward']",9,"['eleanor', 'joanna', 'meredith', 'britten', 'strata florida', 'lady arthyn', 'joanna alphonso', 'lady gertrude cherleton', 'lady gertrude']",8,"['carregcennen', 'llanymddyvri', 'wenwynwyn', 'maelgon', 'dynevor', 'griffeth', 'carnarvon', 'vychan cherleton']",female
1877_meade-davids-little-lad,14,"['gyp', 'james', 'squire', 'miles', 'davy', 'tum', 'david', 'black bill', 'owen owen', 'miles thomas', 'david owen', 'owen morgan', 'moses thomas', 'squire morgan']",12,"['amy', 'gwladys', 'maggie', 'ellen', 'nancy', 'gwen', 'stephie', 'nan', 'miss morgan', 'mrs jones', 'esther williams', 'gwladys morgan']",4,"['lordll', 'ffynon', 'gwenllynn', 'tynycymmer']",female
1882_ewing-brothers-of-pity-and-other-tales-of-beasts-and-men,16,"['ted', 'terence', 'john', 'jemmy', 'fox', 'christian', 'carbery', 'diggory', 'nipper', 'watson', 'coed', 'tinker george', 'godfather gilpin', 'jeremy taylor', 'black basil', 'cock robin']",4,"['sybil', 'gertrude', 'misericordia', 'sybil stanley']",0,[],female
1901_nesbit-the-book-of-dragons,1,['edmund'],0,[],0,[],female
1888_meade-the-little-princess-of-towerhill,26,"['jim', 'hannibal', 'antonio', 'bruce', 'maps', 'tom', 'wallace', 'sam', 'budd', 'jethro', 'billy', 'naples', 'jack', 'trusty', 'cummings', 'russell square', 'mr sinclair', 'frank fowler', 'mr alger', 'mr otis', 'mr henty', 'sir john', 'harry sandwith', 'tom jones', 'king alfred', 'billy andersen']",13,"['grace', 'maggie', 'janet', 'mona', 'temple', 'hermon', 'pepper', 'lady ascot', 'poor marcia', 'sarah ann', 'pat finnahan', 'sairey ann', 'miss grey']",1,['amuba'],female
1907_burnett-the-cozy-lion,6,"['lion', 'liony', 'lions', 'skip', 'society', 'breakfast foods']",2,"['nip', 'tira']",1,['socier'],female
1905_potter-the-tale-of-mrs-riggy-winkle,1,['cock robin'],3,"['lucie', 'tabby kitten', 'sally henny']",0,[],female
1899_everett_green-french-and.english-a-story-of-the-struggle-in-america,81,"['bigot', 'abraham', 'george', 'abbe', 'frenchman', 'marquis', 'quebec', 'colonel', 'ticonderoga', 'franklin', 'durell', 'braddock', 'monro', 'bishop', 'donald', 'montmorency', 'albany', 'julian', 'campbell', 'ebenezer', 'arthur', 'paul', 'quaker', 'brigadier', 'qui', 'monsieur', 'oswego', 'montcalm', 'brigadiers', 'vaudreuil', 'rangers', 'ranger', 'colin', 'assembly', 'john', 'moncton', 'humphrey', 'alexander', 'dumas', 'lawrence', 'murray', 'bradstreet', 'peter', 'humphrey angell', 'point levi', 'cousin james', 'crown point', 'charles angell', 'uncle charles', 'freshwater cove', 'monsieur julian dautray', 'julian dautray', 'father fritz', 'fort william henry', 'brigadier wolfe', 'young roche', 'mr pitt', 'captain neville', 'jacques cartier', 'abbe messonnier', 'william henry', 'john stark', 'lord howe', 'old killick', 'mr ashley', 'captain pringle', 'benjamin ashley', 'major byre', 'john winslow', 'captain dautray', 'sir charles', 'ebenezer jenkyns', 'captain jacobs', 'mr julia dautray', 'james wolfe', 'cape tourmente', 'bonnehomme michel', 'major eyre', 'robert rogers', 'fritz neville', 'fort edward']",13,"['kate', 'niagara', 'renee', 'ellen', 'bougainville', 'madame', 'susanna', 'hannah', 'miss lowther', 'la salle', 'monsieur wolfe', 'madame drucour', 'mademoiselle corinne']",6,"['ramesay', 'amherst', 'louisbourg', 'beauport', 'rogerses', 'coudres']",female
1862_ewing-melchiors-dream-and-other-tales,43,"['james', 'solomon', 'gordon', 'john', 'louis', 'sauveur', 'adolphus', 'bernard', 'cocky', 'vicomte', 'backyard', 'showman', 'joseph', 'monsieur', 'frenchman', 'william', 'benjamin', 'bayard', 'jacobin', 'willie', 'baron', 'hop', 'antoine', 'richard', 'edward', 'viscount', 'regy', 'ben', 'friedrich', 'bluebeard', 'jacques', 'bully tom', 'monsieur crapaud', 'goody twoshoes', 'master arthur', 'old brown', 'hans sachs', 'mr lindsay', 'mr bartram', 'adolphus brown', 'uncle patrick', 'godfather time', 'ephraim garnett']",19,"['geraldine', 'valerie', 'selina', 'minnie', 'frau', 'madame', 'bessy', 'marie', 'lettice', 'maud', 'mag', 'happy family', 'lady elizabeth', 'sister anne', 'maud mary', 'mother bunch', 'poor melchior', 'primrose place', 'beauty bill']",3,"['petrarch', 'paterfamilias', 'materfamilias']",female
1905_meade-a-bevy-of-girls,20,"['jim', 'blackberry', 'browns', 'harry', 'hanson', 'ben', 'punch', 'robert', 'horace', 'archer', 'simpson', 'clay', 'dan', 'mr aldworth', 'number one', 'uncle herbert', 'sir edward', 'mule selfish', 'castle walworth', 'jim carter']",44,"['bertie', 'floss', 'flossie', 'henny', 'mary', 'susan', 'marie', 'annie', 'clara', 'betty', 'fanny', 'mercy', 'mabel', 'nemesis', 'jingo', 'mummy', 'penelope', 'nurse davenant', 'mrs johnston', 'marcia aldworth', 'flossie griffiths', 'mrs silchester', 'mrs griffiths', 'miss palliser', 'miss ethel', 'mary hogg', 'aunt elizabeth', 'flossie flossie griffiths', 'penelope carter', 'betty wren', 'nesta aldworth', 'miss pen', 'miss marcia', 'miss carter', 'miss angela', 'angela st just', 'mrs gaskell', 'nurse richardson', 'mrs hogg', 'miss mule selfish', 'miss melville', 'miss nesta', 'miss angela st just', 'miss molly']",4,"['frankfort', 'hurroa', 'souchester', 'holroyds']",female
1882_meade-a-london-baby-the-story-of-king-roy,7,"['warden', 'charlie', 'roy', 'davis', 'davie', 'lord jesus christ', 'ten pounds reward']",8,"['faith', 'faithy', 'hannah', 'meg', 'meg harris', 'mrs mason', 'hannah searles', 'mrs martin']",0,[],female
1906_meade-turquoise-and-ruby,22,"['josiah', 'tennyson', 'fred', 'joe', 'troy', 'harry', 'reverend', 'rocheford', 'rob', 'frenchy', 'jephtha', 'josephus', 'joey', 'peter', 'hazlitt chase', 'harry jordan', 'fair women', 'miss duke', 'fair rosamond', 'joe burbery', 'young hungerford', 'fred hungerford']",57,"['nora', 'cara', 'cleopatra', 'molly', 'pen', 'mary', 'annie', 'agnes', 'mademoiselle', 'fanny', 'brenda', 'pauline', 'nelly', 'deborah', 'helen', 'juliet', 'madame', 'susanna', 'josie', 'georgie', 'penelope', 'nellie', 'josephine', 'jane', 'fraulein', 'mrs hazlitt', 'cara burt', 'fanchon amberley', 'miss price', 'miss brenda carlton', 'queen eleanor', 'annie leicester', 'miss beverley', 'honora beverley', 'nellie hungerford', 'queen elizabeth', 'nora beverley', 'miss carlton', 'miss nina', 'miss fanchon', 'mrs simpkins', 'penelope carlton', 'nina amberley', 'misses amberley', 'mrs beverley', 'madam cat', 'brenda carlton', 'miss honora', 'nettie harris', 'madame declasse', 'miss juggins', 'castle beverley', 'mrs dawson', 'josephine amberley', 'pauline hungerford', 'lydia hamburg', 'mary lestrange']",2,"['simpkinses', 'harroway']",female
1880_burnett-louisiana,12,"['leander', 'ruskin', 'laurence', 'casey', 'bagdad', 'uncle steve', 'uncle josiah', 'uncle elbert rogers', 'uncle elbert', 'north caliny', 'mr rogers', 'laurence ferrol']",9,"['springs', 'louise', 'olivia', 'nancy', 'jenny', 'miss rogers', 'olivia ferrol', 'aunt amanda', 'aunt caline']",2,"['louisianny', 'frankoyse']",female
1908_potter-the-tale-of-jemina-puddle-duck,0,[],0,[],0,[],female
1901_meade-a-very-naughty-girl,21,"['squire', 'sesame', 'simpson', 'walter', 'robert', 'castle', 'priory', 'jas', 'ruskin', 'shakespeare', 'tasmanian', 'arthur', 'chopin', 'edward wynford', 'squire wynford', 'mr leeson', 'castle wynford', 'uncle ned', 'uncle edward', 'arthur jervice', 'green man']",38,"['eleanor', 'sophie', 'agnes', 'louisa', 'wallaroo', 'alice', 'hennie', 'juliet', 'henrietta', 'jenny', 'cherry', 'brenda', 'miss sylvia', 'poor audrey', 'misses henderson', 'miss eve', 'sophie jenner', 'brenda fox', 'miss andrews', 'sylvia leeson', 'henrietta jervice', 'miss sylvia leeson', 'miss lucy', 'evelyn wynford', 'little evelyn', 'miss wynford', 'miss henderson', 'lady frances wynford', 'miss jasper', 'miss sinclair', 'lady frances', 'miss leeson', 'miss evelyn', 'audrey wynford', 'aunt frances', 'accordingly evelyn', 'poor sylvia', 'miss thompson']",1,['whitefoot'],female
1910_meade-the-school-queens,33,"['james', 'harrison', 'horniman', 'popsy', 'jackdaw', 'matty', 'alfred', 'dixon', 'davidson', 'watson', 'ward', 'hanover', 'mags', 'dove', 'peterkins', 'purcell', 'andrew', 'howard', 'jack', 'cyril', 'sir charles lysle', 'mr bennett', 'eaton square', 'james bo', 'mr martyn', 'mr tristram', 'mr vaughan', 'mr gardew', 'sir charles', 'mr martin', 'mr pearce', 'james martin', 'mr cardew']",50,"['tildy', 'kitty', 'belle', 'mary', 'fanciful', 'susan', 'cicely', 'clara', 'agnes', 'neta', 'merry', 'janet', 'matilda', 'meadows', 'victoria', 'caranina', 'sylvia', 'meredith', 'kathleen', 'merry cardew', 'miss maggie', 'cicely molly', 'queen aneta', 'miss beverley', 'miss lapham', 'mademoiselle aneta', 'molly tristram', 'miss johnson', 'mary gibson', 'belle tristram', 'laburnum villa', 'cicely cardew', 'mademoiselle laplage', 'queen maggie', 'rosamond dacre', 'meredith manor', 'janet burns', 'lady lysle', 'sylvia st john', 'lucia lysle', 'clara roache', 'kathleen odonnell', 'lucy johnson', 'aneta lysle', 'miss cardew', 'miss talbot', 'aunt lucia', 'miss lucy', 'miss miss lysle', 'mrs martin']",1,['heathfield'],female
1895_meade-girls-new-and-old,8,"['jimmy', 'maurice', 'matty', 'ages', 'cecil', 'charlie', 'homer', 'mr danvers']",14,"['kate', 'amy', 'annie', 'molly', 'hester', 'desdemona', 'kitty', 'matilda', 'hester temple', 'kate oconnor', 'miss leicester', 'molly lavender', 'miss temple', 'miss forester']",1,['redgarth'],female
1866_yonge-the-prince-and-the-page-a-story-of-the-last-crusade,71,"['poitevin', 'mohun', 'emir', 'charles', 'baldric', 'leon', 'longshanks', 'raynal', 'hob', 'viterbo', 'thomas', 'trapani', 'montfort', 'mortimer', 'scots', 'maremma', 'gascon', 'bishop', 'saracens', 'dunster', 'philippe', 'guy', 'christian', 'valence', 'templar', 'norman', 'ash', 'templars', 'genoese', 'tunis', 'navarre', 'anjou', 'marisco', 'carthage', 'savoy', 'alexander', 'saracen', 'lord mayor', 'brother hilary', 'prince henry', 'cousin edward', 'richard king', 'king louis', 'master samson', 'sir reginald', 'father adam', 'earl gilbert', 'louis ix', 'welsh winny', 'blind hal', 'bristol channel', 'sir robert', 'hob longbow', 'prince edmund', 'sir reginald ferrers', 'master page', 'lingua franca', 'sir simon', 'prince edward', 'father robert', 'grand prior', 'sir robert darcy', 'nick dustifoot', 'richard fowen', 'sir page', 'lord richard', 'sir john', 'sir raynald ferrers', 'de gourdon', 'king edward', 'sir raynald']",15,"['beatrix', 'joyce', 'sicily', 'hamlyn', 'dido', 'midsummer', 'bessee', 'hermon', 'joan', 'clare', 'countess maud', 'dame idonea', 'mother jugge', 'poor clares', 'princess eleanor']",6,"['druses', 'hospitaliers', 'leonillo', 'montforts', 'osbright', 'moorfields']",female
1858_tucker-flora,6,"['john', 'johnny', 'brahmin', 'mr ward', 'sir amery', 'futtey sing']",9,"['flora', 'emma', 'rajah', 'alison', 'lyddie', 'ada', 'lady legrange', 'rajah futtey sing', 'laurel bank']",1,['wingsdale'],female
1876_ewing-jan-of-the-windmill,12,"['squire', 'abel', 'giotto', 'bogy', 'george', 'gearge', 'mr ammaby', 'daddy angel', 'master swift', 'old solomon', 'master chuter', 'mr ford']",4,"['darcy', 'jan', 'miss amabel', 'lady adelaide']",0,[],female
1875_craik-the-little-lame-prince-and-his-traveling-cloack,1,['trent'],2,"['dorothy', 'miss mulock']",0,[],female
1860_yonge-the-pigeon-pie,21,"['cromwell', 'naseby', 'charlie', 'dick', 'christian', 'harry', 'mowbray', 'diggory', 'sylvester', 'edmund woodley', 'master walter', 'prince rupert', 'farmer ewins', 'king charles', 'master edmund', 'harry fletcher', 'diggory stokes', 'mr enderby', 'sylvester enderby', 'colonel enderby', 'forest lea']",11,"['eleanor', 'deborah', 'anne', 'mary', 'margery', 'deb', 'puritan', 'mistress lucy', 'lady woodley', 'mistress rose', 'poor rose']",2,"['partlet', 'roundhead']",female
1899_nesbit-pussy-and-doggy-tales,9,"['snowball', 'doggy', 'trap', 'chappie', 'stumps', 'buff', 'roy', 'rustler', 'tinker']",8,"['goldie', 'kerry', 'sweep', 'brindle', 'persian', 'bessie', 'dolly', 'miss daisy']",0,[],female
1902_meade-girls-of.the-forest,21,"['henry', 'plato', 'padre', 'tom', 'harry', 'virgil', 'punch', 'homer', 'jones', 'glengarry', 'paddy', 'john', 'paulie', 'jack', 'mr dale', 'mr king', 'harry carver', 'fiddler joe', 'henry dale', 'farmer king', 'professor mahaffy']",39,"['amy', 'lurcher', 'barberry', 'nance', 'verena', 'betty', 'nancy', 'catherine', 'lucy', 'becky', 'helen', 'alice', 'rebecca', 'adelaide', 'nellie', 'josephine', 'briar', 'braes', 'becky perkins', 'penelope dale', 'miss patty', 'sophia tredgold', 'aunt sophia', 'miss tredgold', 'briar dale', 'amy perkins', 'nellie carver', 'aunty sophy', 'ye banks', 'miss pauline', 'miss marjorie', 'annie laurie', 'miss pen', 'miss sophia', 'miss penelope', 'miss renny', 'miss sophy', 'aunt sophy', 'pauline dale']",3,"['rosestairs', 'easterhaze', 'mauleverer wolverhampton']",female
1886_leslie-a-sailors-lass,4,"['bob', 'jack', 'coomber', 'mr west']",2,"['tiny', 'tilly']",0,[],female
1911_nesbit-the-wonderful-garden-oir-the-three-cs,7,"['rupert', 'edward', 'jacob', 'lord andore', 'uncle charles', 'uncle percival', 'uncle william']",8,"['caro', 'caroline', 'charlotte', 'miss peckitt', 'aunt emmie', 'dame eleanour', 'miss sandal', 'aunt emmeline']",0,[],female
1912_potter-the-tale-of-mr-tod,1,['mr tod'],0,[],0,[],female
1897_molesworth-miss-mouse-and-her-boys,12,"['archie', 'hector', 'justin', 'ger', 'caryll', 'hec', 'gervais', 'bob', 'caryll place', 'uncle ted', 'mr hervey', 'bob crag']",7,"['jus', 'pat', 'miss rosamond', 'miss ward', 'miss mouse', 'aunt mattie', 'mith mouse']",1,['whitcrow'],female
1906_molesworth-jasper,18,"['chris', 'roley', 'maynard', 'reginald', 'morris', 'jap', 'dads', 'mums', 'daddy', 'japs', 'lewis', 'dad', 'evans', 'winton', 'jasper greville', 'dr wilkins', 'sir percy', 'master jasper']",20,"['lelly', 'mumsey', 'mummy', 'harriet', 'fanny', 'edith', 'christabel', 'susan', 'auntie', 'lell', 'lily', 'mrs greenall', 'miss greenall', 'poor jasper', 'poor chrissie', 'miss leila', 'poor nurse', 'mrs fortescue', 'aunt margaret', 'miss earle']",1,['seabay'],female
1888_burnett-little-saint-elizabeth-and-other-tales,4,"['rochemont', 'jem', 'uncle bertrand', 'mr claus']",4,"['flora', 'jane', 'aunt hetty', 'miss baby']",0,[],female
1904_nesbit-the-phoenix-and-the-carpet,15,"['septimus', 'garrick', 'bosh', 'roman', 'urb', 'robert', 'squirrel', 'lamb', 'bobs', 'panther', 'jack', 'henri', 'cyril', 'high priest', 'uncle reginald']",16,"['manon', 'daisy', 'anthea', 'persian', 'parme', 'luz', 'easter', 'eliza', 'tatcho', 'beautiful phoenix', 'mrs biddle', 'aunt emma', 'aunt selina', 'miss peasmarsh', 'miss amelia', 'mrs prosser']",3,"['jevonses', 'psammead', 'bozwoz']",female
1873_ewing-a-flat-iron-for-a-farthing,9,"['bowles', 'cadman', 'babel', 'rubens', 'regie', 'leo', 'master reginald', 'sir lionel', 'mr mackenzie']",10,"['polly', 'frances', 'adeline', 'frances chislett', 'missis bundle', 'aunt maria', 'lady damer', 'miss burton', 'nurse bundle', 'sister alice']",0,[],female
1904_potter-the-tale-of-benjamin-bunny,0,[],0,[],0,[],female
1870_ewing-the-brownies-and-other-tales,17,"['jim', 'angel', 'noah', 'jack', 'thomas', 'deor', 'johnnie', 'tommy', 'granny', 'master macgreedy', 'mr brown', 'mr jones', 'johnnie green', 'guy fawkes', 'tommy trout', 'master sam', 'farmer swede']",12,"['tailor', 'so', 'brownie', 'brownies', 'puss', 'ramelia', 'miss rosa', 'miss dot', 'miss letitia', 'mary meads', 'miss amelia', 'aunt penelope']",4,"['dowager', 'boggarts', 'macready', 'deordie']",female
1902_everett_green-for-the-faith-a-story-of-the-young-pioneers-of-reformation-in-oxford,31,"['paul', 'hugh', 'godspeed', 'john', 'carfax', 'wycliffe', 'sumner', 'tyndale', 'diet', 'christian', 'pope', 'arthur', 'popes', 'udel', 'anthony anthony', 'thomas garret', 'hugh fitzjames', 'gloucester college', 'robert ferrar', 'master thomas', 'lord himself', 'master cole', 'moor fields', 'anthony dalaber', 'john clarke', 'master radley', 'lincoln college', 'cardinal wolsey', 'arthur cole', 'martin luther', 'stephen radley']",8,"['higdon', 'magda', 'freda', 'easter', 'mistress magdalen', 'holy writ', 'freda langton', 'magdalen college']",2,"['poghley', 'stillyard']",female
1883_meade-the-childrens-pilgrimage,25,"['bordeaux', 'john', 'caen', 'paris', 'norman', 'pericard', 'simon', 'joseph', 'frenchman', 'charles', 'toby', 'anton', 'charlie', 'alphonse', 'saviour', 'dupois', 'john moseley', 'lord jesus', 'maurice maurice', 'joe barnes', 'east end', 'simon watts', 'maurice dalbert', 'mr preston', 'mr danvers']",31,"['rosalie', 'beulah', 'pauline', 'susie', 'mme', 'molly', 'lovedy', 'arcachon', 'calais', 'madame', 'jean', 'jane', 'orne', 'suzanne', 'miss cecile', 'cecile dalbert', 'aunt lydia purcell', 'mammie moseley', 'lydia purcell', 'miss smith', 'jean malet', 'lovedy lovedy joy', 'faubourg st', 'aunt fanny', 'lovedy joy', 'poor joe', 'missie cecile', 'mistress bell', 'jane parsons', 'missie mercy', 'aunt lydia']",2,"['lunnon', 'moulleau']",female
1905_potter-the-tale-of-the-pie-and-the-the-patty-pan,0,[],1,['ribby'],0,[],female
1887_peard-prentice-hugh,45,"['paul', 'hugh', 'moll', 'john', 'hans', 'stephen', 'gascony', 'william', 'agrippa', 'hal', 'wolf', 'samson', 'dick', 'henry', 'denys', 'jakes', 'andrew', 'roger', 'elyas', 'edgar', 'peter', 'matthew', 'friar nicholas', 'saint nicholas', 'william franklyn', 'hugh bassett', 'john hamlyn', 'bishop bitton', 'ned parsons', 'broad gate', 'james alwyn', 'stephen bassett', 'sir thomas', 'richard allen', 'friar luke', 'hal crocker', 'roger brewer', 'robin bolton', 'tor brewer', 'master gervase', 'master dennis', 'master william pontington', 'king edward', 'tor mohun', 'master carver']",16,"['thomasin', 'eleanor', 'nell', 'dickon', 'anne', 'joan', 'alice', 'mat', 'clyst', 'dame alicia', 'prentice wat', 'saint margaret', 'dame edith', 'mistress judith', 'mistress tirell', 'mistress prothasy']",5,"['exminster', 'edulf', 'winchelsey', 'blagdon', 'kalendarhay']",female
1898_everett_green-tom-tuftons-travels,30,"['squire', 'tory', 'hannibal', 'lucifer', 'savoy', 'babylon', 'william', 'freeman', 'addison', 'wildfire', 'blenheim', 'absalom', 'curley', 'robin', 'captain raikes', 'sir james', 'lord claud', 'dicing dick', 'master cale', 'harry gay', 'slippery seal', 'thirsty thring', 'william long', 'captain jack', 'mr tufton', 'tom tufton', 'her majesty', 'master tom', 'marshal tallard', 'sir james montacute']",7,"['nell', 'tories', 'rosamund', 'rachel', 'bully bullen', 'nell gwynne', 'queen anne']",3,"['gablehurst', 'gablethorpe', 'wildgoose']",female
1854_yonge-the-little-duke-richard-the-fearless,36,"['squire', 'montemar', 'lothaire', 'abbot', 'louis', 'rollo', 'herluin', 'senlis', 'harald', 'walter', 'rouen', 'franks', 'carloman', 'dane', 'montreuil', 'alberic', 'osmond', 'arnulf', 'hugues', 'laon', 'bertrand', 'danes', 'bayeux', 'frank', 'vige', 'seneschal', 'sir eric', 'father lucas', 'duke richard', 'hugh capet', 'brother hilary', 'lord duke', 'harald blue', 'lord richard', 'count bernard', 'duke william']",6,"['charlot', 'knight', 'daneis', 'fru', 'lady astrida', 'fru astrida']",3,"['epte', 'centeville', 'hardigras']",female
1901_nesbit-the-wouldbegoods,27,"['randall', 'john', 'becket', 'pincher', 'foulkes', 'oswald', 'noel', 'roman', 'cecil', 'dick', 'dickie', 'dewar', 'colonel', 'albert', 'mowgli', 'macaulay', 'danes', 'tommy', 'dentist', 'canterbury pilgrims', 'david copperfield', 'bill simpkins', 'white whiskers', 'learned pig', 'plain pilgrim', 'magnet stories', 'stoneham lock']",17,"['dora', 'daisy', 'margaret', 'alice', 'polar', 'rose', 'kaa', 'martha', 'jane', 'eliza', 'treasure seekers', 'miss ashleigh', 'daisy chain', 'mrs simpkins', 'mrs pettigrew', 'nun priest', 'mrs blake']",3,"['bastables', 'hazelbridge', 'manciple']",female
1884_molesworth-the-little-old-portrait,25,"['ludovic', 'louis', 'paris', 'valmont', 'felix', 'joseph', 'monsieur', 'pierrot', 'martin', 'collet', 'count', 'marquis', 'touraine', 'machard', 'victorine', 'roger', 'albert', 'pierre germain', 'farmer marcel', 'monsieur pierre', 'madame germain', 'madame delmar', 'madame marceau', 'madame marcel', 'monsieur edmond']",19,"['sarinet', 'rue', 'louise', 'nanette', 'madelon', 'mademoiselle', 'marguerite', 'francoise', 'lille', 'marquise', 'madame', 'jean', 'countess', 'choisy', 'marie', 'edmee germain', 'marguerite ribou', 'mademoiselle edmee', 'sister angelique']",1,['citizeness dupuis'],female
1904_meade-a-modern-tomboy-a-story-for-girls,14,"['james', 'hugh', 'buzz', 'bretts', 'hughie', 'sunnyside', 'frosty', 'fuzz', 'roger', 'cartery', 'bob', 'hans andersen', 'mr singleton', 'professor merriman']",37,"['aggie', 'bertha', 'annie', 'agnes', 'phyllis', 'jasmine', 'betty', 'alice', 'janet', 'rosamund', 'florence', 'puss', 'maud', 'janey', 'laura', 'miss irene', 'lady jane', 'sister emily', 'lady jane ashleigh', 'lucy merriman', 'aunt susan', 'phyllis flower', 'jane denton', 'miss carter', 'mademoiselle omont', 'miss cunliffe', 'miss frost', 'miss lucy', 'maud singleton', 'mary ann', 'rosamund cunliffe', 'agnes sparkes', 'aunt susy', 'laura everett', 'miss archer', 'annie millar', 'agnes frost']",1,['rectory'],female
1913_nesbit-wet-magic,11,"['fido', 'bernard', 'eric', 'francis', 'astrologer', 'museum', 'cathay', 'reuben', 'mermaids', 'granny', 'mer king']",9,"['maia', 'sabrina', 'elsie', 'mavis', 'princesses', 'mermaid', 'kathleen', 'princess freia', 'aunt enid']",4,"['conchology', 'beachfield', 'monarchs', 'ulfin']",female
1886_hodgson-burnett-little-lord-fauntleroy,29,"['james', 'earl', 'newick', 'maurice', 'higgins', 'jerry', 'dawson', 'tom', 'selim', 'jake', 'dick', 'dougal', 'ceddie', 'michael', 'ben', 'mr havisham', 'captain cedric errol', 'mr hobbs', 'billy williams', 'sir harry', 'captain errol', 'mr thomas', 'lord fauntleroy', 'george washington', 'cedric errol', 'captain cedric', 'silas hobbs', 'ceddie errol', 'mr mordaunt']",10,"['molyneux', 'mary', 'bridget', 'jane', 'aunt constantia', 'miss smiff', 'miss vivian herbert', 'lady fauntleroy', 'lady lorridaile', 'miss herbert']",1,['erleboro'],female
1911_burnett-the-secret-garden,20,"['john', 'pitcher', 'basil', 'medlock', 'yorkshire', 'bob', 'barney', 'ben', 'bob haworth', 'mr craven', 'jem fettleworth', 'master colin', 'did dickon', 'missel moor', 'misselthwaite manor', 'red riding hood', 'ben weatherstaff', 'mr roach', 'mr archibald craven', 'captain lennox']",17,"['rajahs', 'rajah', 'missus', 'susan', 'martha', 'mistress', 'mercy', 'soot', 'ayah', 'magic', 'miss mary', 'mester craven', 'mester colin', 'susan sowerby', 'mary lennox', 'missie sahib', 'mistress mary']",1,['misselthwaite'],female
1895_ewing-the-peace-egg-and-other-tales,26,"['hector', 'nicholas', 'saladin', 'vesuvius', 'snap', 'jester', 'william', 'dragon', 'dick', 'harry', 'themistocles', 'christendom', 'yorkshire', 'dragons', 'georgy', 'captain calftail', 'master robert', 'turkish knight', 'rouge pot', 'master robin', 'guy fawkes', 'godfather garbel', 'mr skratdj', 'mr bull', 'man jack', 'valiant slasher']",14,"['polly', 'sarah', 'betsy', 'dora', 'kitty', 'jemima', 'darkie', 'pax', 'patty', 'dame dolly', 'peace egg', 'lucy jane', 'little man jack', 'grand sword dance']",2,"['pilgrims', 'britons']",female
1898_everett_green-a-clerk-of-oxford-and-his-adventures-in-the-barons-war,34,"['chancellor', 'tush', 'hugh', 'earl', 'nicholas', 'tito', 'horn', 'osney', 'amalric', 'barons', 'guy', 'leofric', 'roger', 'edmund', 'gilbert', 'richard', 'jack', 'thomas', 'de clare', 'roger mortimer', 'father ambrose', 'tito balzani', 'gilbert barbeck', 'sir humphrey', 'brave montfort', 'leofric wyvill', 'de montfort', 'lord simon', 'earl simon', 'norman french', 'lord henry', 'prince edward', 'jack dugdale', 'de montforts']",9,"['lotta', 'linda', 'eleanora', 'countess', 'barbier', 'demoiselle', 'dame margaret', 'sweet alys', 'domus dei']",1,['alemagne'],female
1896_meade-a-little-mother-to-the-others,26,"['di', 'simpson', 'matty', 'david', 'tom', 'conrad', 'hush', 'stevie', 'fortune', 'noah', 'phil', 'jack', 'master apollo', 'pole star', 'matty bell', 'master philip', 'greased lightning', 'master orion', 'rodesia lee', 'mr delaney', 'fortune squeers', 'uncle william', 'david delaney', 'uncle ben', 'ben holt', 'mr dolman']",22,"['peggy', 'lucy', 'evangeline', 'mary', 'susan', 'aunt sarah', 'miss ann', 'miss stevenson', 'miss diana', 'delaney manor', 'mother rodesia', 'diana delaney', 'miss iris', 'poor rub', 'aunt sawah', 'super ashton', 'bessie darling', 'aunt jane dolman', 'miss wamsay', 'miss ramsay', 'susan jenkins', 'aunt jane']",2,"['madersley', 'wectory']",female
1891_molesworth-nurse-heatherdales-story,5,"['larkins', 'franz', 'master francis', 'uncle bevil', 'sir hulbert']",5,"['martha', 'miss bess', 'miss lally', 'aunt lally', 'miss marian']",1,['treluan'],female
1903_potter-the-tale-of-squirrel-nutkin,0,[],0,[],0,[],female
1869_stretton-alone-in-london,10,"['james', 'tony', 'poppet', 'raleigh', 'beppo', 'mr ross', 'old oliver', 'lord jesus', 'antony oliver', 'james oliver']",4,"['polly', 'charlotte', 'susan', 'dolly']",1,['wrekin'],female
1908_potter-the-tale-of-samuel-whiskers-the-roly-poly-pudding,0,[],0,[],0,[],female
1909_potter-the-tale-of-the-flopsy-bunnies,0,[],1,['flopsy bunnies'],0,[],female
1872_de_la_ramee-a-dog-of-flanders,6,"['nello', 'baas', 'rubens', 'patrasche', 'alois', 'baas cogez']",1,['jehan daas'],0,[],female
1879_ewing-jackanapes-daddy-darwins-dovecot-and-other-stories,0,[],1,['winter'],1,['kyrkegrim'],female
1906_everett_green-a-heroine-of-france-the-story-of-joan-of-arc,40,"['treasurer', 'abbot', 'orleans', 'chinon', 'crusader', 'abbe', 'bishop', 'charles', 'robert', 'jacques', 'duc', 'alencon', 'patay', 'domremy', 'dauphin', 'frenchmen', 'archbishop', 'dunois', 'seigneur', 'bertrand', 'tours', 'tremouille', 'rheims', 'pierre', 'leroyer', 'abbe perigord', 'de gamache', 'les tourelles', 'de laval', 'de boisi', 'white witch', 'archangel michael', 'sir guy', 'de richemont', 'les augustins', 'sir john fastolffe', 'duke humphrey', 'lord talbot', 'sainte remy', 'gentle king']",19,"['blois', 'catherine', 'rouvray', 'bourges', 'burgundy', 'margaret', 'sicily', 'dieu', 'nancy', 'jean', 'lorraine', 'charlotte', 'jeanne', 'regent bedford', 'angelic maid', 'madame boucher', 'mid lent', 'jhesus maria', 'la hire']",9,"['novelpont', 'jargeau', 'pasquerel', 'vaucouleurs', 'fierbois', 'archeveche', 'classidas', 'laxart', 'polnoirs']",female
1880_meade-mou-sete-a-negro-hero,5,"['eyeo', 'joseph', 'mou', 'hans', 'mou setse']",2,"['nanny', 'toni']",2,"['korowah', 'yarriba']",female
1899_meade-light-o-the-morning,30,"['squire', 'terence', 'cronane', 'mike', 'jerry', 'fitzgerald', 'euston', 'patrick', 'steward', 'pilot', 'norrie', 'terry', 'dennis', 'dan', 'andy', 'mr murphy', 'mr finnigan', 'stephanotie miller', 'george hartrick', 'dirty dublin', 'uncle george', 'castle o', 'squire murphy', 'john finnigan', 'dan murphy', 'squire oshanaghgan', 'castle oshanaghgan', 'holy moses', 'patrick oshanaghgan', 'andy neil']",33,"['linda', 'ellen', 'bridget', 'cushla', 'agnes', 'pegeen', 'banshee', 'stephie', 'mabel', 'margaret', 'maria', 'rose', 'pat', 'hannah', 'molly hartrick', 'miss miller', 'miss flowers', 'mother nature', 'black bess', 'miss goring', 'nora oshanaghgan', 'bridget murphy', 'miss nora', 'aunt grace', 'miss biddy', 'mabel armitage', 'miss truefitt', 'biddy murphy', 'nora o', 'aunt vi', 'hannah croneen', 'slieve nagorna', 'english molly']",2,"['elephants', 'stephanotie']",female
1906_burnett-racketty-packetty-house,6,"['augustus', 'vincent', 'charles edward stuart', 'lord francis', 'lord hubert', 'peter piper']",17,"['mama', 'clotilda', 'amelia', 'vere', 'cynthia', 'leontine', 'charlotte', 'queen victoria', 'victoria leopoldina', 'aurelia matilda', 'lady muriel', 'lady patsy', 'lady peg', 'lady doris', 'queen crosspatch', 'lady meg', 'lady gwendolen']",6,"['racketty', 'grandmamma', 'kilmanskeg', 'gustibus', 'racketty packettys', 'racketty packetty']",female
1892_meade-the-lady-of-the-forest-a-story-for-girls,24,"['jim', 'valentine', 'robert', 'elijah', 'carlo', 'zerubbabel', 'dick', 'kit', 'davis', 'bob', 'eton', 'canning', 'robinson crusoe', 'mr baring', 'master philip', 'mr lovel', 'philip lovel', 'master phil lovel', 'squire lovel', 'master phil', 'james grasper', 'rupert lovel', 'uncle rupert', 'phil lovel']",22,"['peggy', 'ruby', 'clementina', 'betty', 'kitty', 'abby', 'nancy', 'miss gabrielle', 'miss grizel', 'aunt griselda', 'miss marmaduke', 'miss lovel', 'rachel lovel', 'aunt katharine', 'nancy white', 'katharine lovel', 'miss rachel', 'poor rachel', 'aunt bella', 'aunt grizel', 'griselda lovel', 'miss griselda']",3,"['surefoot', 'newbolt', 'avonsyde']",female
1893_molesworth-blanche-a-story-for-girls,28,"['archie', 'george', 'gerald', 'lyle', 'fleming', 'fenning', 'bordeaux', 'bewley', 'norman', 'beltons', 'rector', 'reginald', 'halliday', 'bradshaw', 'mr dunstan', 'stasy derwent', 'saint x', 'pinnerton green', 'sir conway', 'sir adam nigel', 'les rosiers', 'monsieur paulmier', 'norman milward', 'sir adam', 'east moddersham', 'major frederic', 'archie dunstan', 'monsieur bergeret']",33,"['flopper', 'herty', 'blanche', 'deborah', 'mildred', 'janet', 'adela', 'aline', 'agatha', 'josephine', 'mrs finch', 'lady harriot', 'miss wandle', 'mrs lilford', 'florry wandle', 'miss bracy', 'miss blanchie', 'aunt harriot', 'blanche derwent', 'miss stasy', 'lady hebe', 'miss anastasia', 'mrs burgess', 'aunt grace', 'mrs harrowby', 'miss derwent', 'mrs oh', 'amy lilford', 'rosy milward', 'lady harriot dunstan', 'mrs selwyn', 'lady marth', 'adela bracy']",7,"['alderwood', 'blissmore', 'fotherley', 'crossburn', 'pinnerton', 'enneslie', 'messrs otterson']",female
1878_molesworth-grandmother-dear-a-book-for-boys-and-girls,15,"['balaclava', 'ralph', 'hunter', 'henry', 'fusser', 'kadikoi', 'giles', 'mr walter', 'mr sawyer', 'captain montagu', 'east hornham', 'uncle jack', 'uncle carlo', 'mr turner', 'jack berkeley']",7,"['sylvia', 'molly', 'mary', 'laura', 'miss berkeley', 'notre dame', 'salle henri ii']",2,"['ryeburn', 'alderwood']",female
1889_molesworth-the-rectory-children,5,"['calton', 'randolph', 'mr vane', 'mr fairchild', 'mr redding']",8,"['biddy', 'amy', 'rosalys', 'eleanor', 'bridget', 'alie', 'celestina', 'miss millet']",4,"['seacove', 'roughie', 'seacove rectory', 'laneverel rectory']",female
1888_ewing-snap-dragons-old-father-christmas,8,"['snap', 'dick', 'william', 'vesuvius', 'dragons', 'godfather garbel', 'master harry', 'guy fawkes']",5,"['polly', 'jemima', 'kitty', 'patty', 'mrs skratdj']",0,[],female
1900_molesworth-the-house-that-grew,8,"['denzil', 'rolf', 'dods', 'geordie', 'rough', 'hoskins', 'george', 'mr trevor']",4,"['zenia', 'taisy', 'kirke', 'miss trevor']",1,['roughie'],female
1895_burnett-two-little-pilgrims-process-a-story-of-the-city-beautiful,9,"['christian', 'bob', 'chicago', 'robin', 'jerry', 'ben', 'jones', 'christopher columbus', 'john holt']",3,"['meg', 'straw parlor', 'aunt matilda']",0,[],female
1871_yonge-little-lucys-wonderful-globe,5,"['leonidas', 'don', 'papa', 'uncle joseph', 'uncle joe']",5,"['lonicera', 'maude', 'nurse', 'miss lucy', 'mother bunch']",0,[],female
1875_tucker-the-childrens-tabernacle-or-hand-work-and-heart-work,2,"['lucius', 'master harry']",6,"['agnes', 'elsie', 'ailsie', 'dora', 'ruth', 'nina']",0,[],female
1839_sinclair-holiday-house-a-series-of-tales,41,"['darwin', 'john', 'crabtree', 'major', 'snap', 'charles', 'thunderbolt', 'harrison', 'evan', 'naples', 'jack', 'christians', 'sir timothy', 'mr lexicon', 'robinson crusoe', 'mr palmer', 'sir edward graham', 'master peter', 'master harry graham', 'captain digby', 'master frank', 'tom thumb', 'uncle david', 'mr frank', 'evan mackay', 'peter grey', 'mr harry', 'castle needless', 'major graham', 'old andrew', 'harry graham', 'lord nelson', 'master harry', 'charles forrester', 'lord rockville', 'frank abercromby', 'mr punctuality', 'mr harwood', 'robert fordyce', 'master no', 'sir edward']",10,"['nelly', 'betty', 'mary', 'lady graham', 'miss perceval', 'lady rockville', 'lady harriet graham', 'lady harriet', 'miss laura', 'miss laura graham']",0,[],female
1867_stretton-jessicas-first-prayer-and-jessicas-mother,3,"['brookes', 'mr daniel', 'daniel standring']",4,"['jessica', 'jess', 'miss jane', 'miss winny']",0,[],female
1901_meade-girls-of-the-true-blue,7,"['noney', 'poll', 'vincent', 'jack', 'tommy', 'mr pryor', 'captain richmond']",19,"['nora', 'amy', 'phoebe', 'kitty', 'sophia', 'fairleigh', 'nancy', 'constance', 'flora', 'augusta', 'sally', 'nan', 'honora', 'flo', 'sophia maria', 'nan esterleigh', 'aunt jessie', 'miss roy', 'hadleigh woods']",0,[],female
1894_meade-red-rose-and-tiger-lily-or-in-a-wider-world,20,"['squire', 'boris', 'jacko', 'william', 'guy', 'het', 'kit', 'harry', 'pinkerton', 'phil', 'joe', 'robin', 'dobbin', 'friar', 'carlton club', 'squire lorrimer', 'geoffrey hamlyn', 'sir john', 'sir john thornton', 'mr drummond']",22,"['nora', 'antonia', 'nell', 'molly', 'hester', 'kitty', 'nonie', 'susy', 'elinor', 'jane', 'annie forest', 'kitty lorrimer', 'miss bernard temple', 'marie antoinette', 'miss macalister', 'miss nan', 'miss hetty', 'nan thornton', 'jane macalister', 'miss annie', 'hester thornton', 'mrs martin']",0,[],female
1851_hall-turns-of-fortune-and.other-tales,14,"['john', 'edward', 'edward lynne', 'mr cramp', 'alfred bond', 'mr lycight', 'mr charles adams', 'mr goulding', 'mr stokes', 'mr ivers', 'john adams', 'charles adams', 'edwin lechmere', 'jacob bond']",13,"['sarah', 'mabel', 'helen', 'rosa', 'mary', 'helen marsh', 'rose dillon', 'miss rose', 'mary adams', 'miss bond', 'mary charles', 'sarah bond', 'mrs adams']",0,[],female
1872_craik-the-adventure-of-a-brownie,1,['mr nobody'],2,"['tiny', 'brownie']",0,[],female
1888_molesworth-the-third-miss-st-quentin,22,"['james', 'louis', 'bernard', 'fred', 'barnes', 'stevens', 'harvey', 'henry', 'phil', 'jones', 'hewitt', 'mudie', 'philip cheynes', 'captain omar', 'colonel st quentin', 'fraulein braune', 'uncle marcus', 'louis belvoir', 'major frost', 'sir philip', 'misses st quentin', 'bernard omar']",25,"['ermine', 'cinderella', 'harriet', 'hester', 'clarice', 'ellen', 'hetty', 'fraulein', 'melanie', 'mrs marchant', 'poor madelene', 'mrs st quentin', 'miss maddie', 'mrs belvoir', 'lady beltravers', 'mrs robertson', 'ella st quentin', 'miss ermie', 'miss wyndham', 'mrs ward', 'aunt anna', 'miss ella', 'mrs burton', 'miss ellison winton', 'lady cheynes']",4,"['weevilscoombe', 'coombesthorpe', 'cheynesacre', 'coombe']",female
1911_potter-the-tale-of-timmy-tiptoes,0,[],0,[],0,[],female
