book_title,male_characters,male_characters_names,female_characters,female_characters_names,none,unknown_gender_names,authors_sex
m\1836_marryat-mr-midshipman-easy,74,"['tarragona', 'dr', 'moor', 'shakespeare', 'toulon', 'scipio', 'jolliffe', 'obrien', 'james', 'william', 'admiral', 'robert', 'mesty', 'catte', 'caesar', 'governor', 'john', 'abraham', 'biggs', 'frankish', 'harpy', 'mephistopheles', 'atkins', 'gozo', 'gad', 'allah', 'pedro', 'nick', 'mahon', 'don', 'oconnor', 'johns', 'jew', 'pompey', 'ned', 'valparaiso', 'billy', 'jacob', 'don martin', 'mr hawkins', 'don mathias', 'mr easthupp', 'hereupon jack', 'mr gossett', 'sir thomas', 'mr vigors', 'jack easy', 'friar thomaso', 'mr jones', 'mr heasy', 'captain vilson', 'mr hicks', 'dr middleton', 'mr pottyfar', 'don philip', 'mr asper', 'captain tartar', 'signor easy', 'john easy', 'massy easy', 'don rebiera', 'captain hogg', 'doctor middleton', 'don silvio', 'osman ali', 'father ignatio', 'lingua franca', 'master johnny', 'captain sawbridge', 'whereupon jack', 'abdel faza', 'mr oxbelly', 'mr bonnycastle', 'captain wilson']",26,"['ashantee', 'boadicea', 'latona', 'aurora', 'sarah', 'donna', 'minorca', 'susan', 'rosas', 'carmen', 'valette', 'mary', 'azar', 'missy agnes', 'massa yolliffe', 'valette harbour', 'miss hicks', 'donna clara', 'mrs oxbelly', 'donna agnes', 'miss julia', 'massa gascoigne', 'mary ann', 'massa easy', 'mrs easy', 'donna rebiera']",2,"['tallboys', 'smallsole']",male
m\1841_marryat-masterman-ready,22,"['remus', 'pacific', 'sanders', 'dutchman', 'romulus', 'hottentots', 'cape', 'bombay', 'billy', 'albert', 'old ready', 'mr mackintosh', 'robinson crusoe', 'captain osborn', 'table mountain', 'jack romer', 'masterman ready', 'master tommy', 'mr seagrave', 'master william', 'master willy', 'mr masterman']",9,"['sydney', 'missy', 'juno', 'nanny', 'vixen', 'caroline', 'massa tommy', 'graaff reinet', 'mrs seagrave']",2,"['hottentot', 'gorraguas']",male
m\1844_marryat-the-settlers-in-canada,26,"['martin', 'oscar', 'frenchman', 'malachi', 'henry', 'graves', 'quebec', 'harry', 'john', 'cedar swamp', 'mr harvey', 'martin super', 'lower canada', 'london merchant', 'mr farquhar', 'captain wilson', 'upper canada', 'mr campbell', 'angry snake', 'mr douglas campbell', 'mr percival', 'mr alfred', 'captain sinclair', 'mr emmerson', 'mr bates', 'captain lumley']",9,"['emily', 'strawberry', 'miss paterson', 'miss mary', 'miss percival', 'emma percival', 'miss emma', 'martha jackson', 'mary percival']",0,[],male
m\1845_dickens-the-cricket-on-the-hearth-a-fairy-tale-of-home,12,"['halloa', 'stranger', 'gruff', 'edward', 'caleb', 'haymaker', 'boxer', 'john', 'pic nic', 'mr tackleton', 'john peerybingle', 'caleb plummer']",11,"['cricket', 'bertha', 'tilly', 'carrier', 'ham pie', 'tilly slowboy', 'poor idiot', 'blind girl', 'may fielding', 'miss slowboy', 'blind daughter']",0,[],male
m\1847_marryat-the-children-of-the-new-forest,33,"['oswald', 'grenville', 'jacob', 'jason', 'ben', 'ed', 'lambert', 'smoker', 'conde', 'pablo', 'turenne', 'sampson', 'benjamin', 'cromwell', 'cavalier', 'james southwold', 'master andrew', 'duke hamilton', 'major chaloner', 'jacob armitage', 'sir ashley cooper', 'edward armitage', 'mr edward', 'mr langton', 'edward beverley', 'king charles', 'mr heatherstone', 'mr forester', 'white billy', 'master humphrey', 'james corbould', 'prince rupert', 'oswald partridge']",16,"['clara', 'phoebe', 'martha', 'agatha', 'patience', 'miss judith villiers', 'miss villiers', 'clara ratcliffe', 'ashley cooper', 'massa edward', 'colonel beverley', 'patience heatherstone', 'miss judith', 'massa humphrey', 'missy alice', 'missy edith']",4,"['hamburgh', 'arnwood', 'roundhead', 'holdfast']",male
m\1848_marryat-the-little-savage,19,"['abraham', 'moses', 'christian', 'pharaoh', 'joseph', 'adam', 'nero', 'jim', 'frank', 'jackass', 'heinrich', 'john', 'dr brightwell', 'heinrich reichardt', 'mr evelyn', 'frank henniker', 'john gough', 'edward jackson', 'captain james']",5,"['divine', 'hooloo', 'mrs reichardt', 'miss evelyn', 'north america']",0,[],male
m\1851_ruskin-the-king-of-the-golden-river,4,"['hans', 'schwartz', 'gluck', 'treasure valley']",0,[],0,[],male
m\1855_kingsley-westward-ho,234,"['edmund', 'christian', 'elijah', 'ariosto', 'marlowe', 'pizarro', 'babylon', 'valdez', 'jesuit', 'gravelines', 'plato', 'pelican', 'diego', 'tavy', 'samson', 'daniel', 'thames', 'genoese', 'enoch', 'cortez', 'humboldt', 'david', 'manoa', 'scots', 'abdallah', 'george', 'barlow', 'rheims', 'adelantado', 'arctic', 'papist', 'frobisher', 'hurtado', 'saul', 'harvey', 'thomas', 'sidney', 'antichrist', 'dons', 'dick', 'eros', 'martin', 'englishmen', 'burrough', 'ormond', 'alexander', 'christendom', 'baal', 'roman', 'alvarado', 'amazons', 'mohammed', 'devonshire', 'ballard', 'jew', 'edward', 'dunkirk', 'almagro', 'squirrel', 'cartagena', 'charles', 'wapping', 'tritons', 'nombre', 'adam', 'james', 'noah', 'cabot', 'norman', 'hercules', 'oro', 'atlantic', 'homer', 'anthony', 'zouch', 'levant', 'bermudas', 'annery', 'stow', 'milan', 'tudor', 'romanist', 'michael', 'peter', 'eglon', 'dartmoor', 'cooky', 'morte', 'stuarts', 'munster', 'leon', 'antres', 'triton', 'toledo', 'norse', 'naaman', 'lewis', 'lundy', 'jonah', 'joshua', 'firth', 'luther', 'scripture', 'hillo', 'padua', 'don', 'shamus', 'recalde', 'cupid', 'salamis', 'dios', 'hatton', 'john braund', 'richard hawkins', 'mr john brimblecombe', 'captain john hawkins', 'sir richard', 'mr oxenham', 'san benito', 'captain amyas leigh', 'don pedro', 'king solomon', 'mr hayes', 'mr will', 'nicholas saunders', 'father parsons', 'old salterne', 'francis leigh', 'mr andrew barker', 'sir francis drake', 'sir bevil', 'mr edward dyer', 'mr coffin', 'whereon amyas', 'lord high admiral', 'don francisco', 'sir urian', 'mr winter', 'john squire', 'ruiz moschera', 'mr eustace', 'mr campian', 'captain leigh', 'john brimblecombe', 'lord grey', 'mr drake', 'mr adrian', 'will cary', 'san domingo', 'westward ho', 'martin cockrem', 'anthony jenkinson', 'de soto', 'sir vindex', 'lopez vaz', 'san philip', 'sir richard grenville', 'king henry', 'captain raleigh', 'george fenner', 'will parracombe', 'master frank', 'fray gerundio', 'lord henry seymour', 'mr frank leigh', 'mr trudgeon', 'william penberthy', 'mr evan morgans', 'tom nash', 'whereon frank', 'william parracombe', 'captain hawkins', 'parson jack', 'harty point', 'don guzman maria magdalena sotomayor', 'adrian gilbert', 'colin clout', 'don sebastian', 'don francisco xararte', 'amyas preston', 'salvation yeo', 'san josepho', 'william salterne', 'captain drake', 'don guzman', 'john davis', 'lord howard', 'senor don guzman', 'francis drake', 'dick grenville', 'james desmond', 'cardinal allen', 'sir john chichester', 'earl ordulf', 'captain will', 'mr thomas leigh', 'humphrey gilbert', 'sir edward osborne', 'deus venter', 'gallantry bower', 'sir george carew', 'william cary', 'father neptune', 'cape codera', 'john oxenham', 'mr spenser', 'father campian', 'mr morgan evans', 'mr william', 'don ferdinando', 'king arthur', 'evan morgans', 'simon evans', 'scythian tomyris', 'captain oxenham', 'john hawkins', 'richard grenville', 'sir francis', 'robert drew', 'frank leigh', 'sir humphrey', 'eustace leigh', 'jack brimblecombe', 'earl haldan', 'mr frank', 'vindex brimblecombe', 'amyas leigh', 'don guzman maria magdalena', 'sir walter raleigh', 'great armada', 'morgan evans', 'michael heard', 'captain john', 'sir john']",62,"['margarita', 'arcadia', 'ham', 'carib', 'andes', 'atty', 'gloriana', 'doughty', 'taw', 'desdemona', 'medina', 'tamar', 'losada', 'eliza', 'mangora', 'sta', 'oriana', 'lilly', 'geneva', 'diana', 'silla', 'rose', 'malefica', 'lucy', 'siripa', 'davils', 'mary', 'parma', 'venus', 'lara', 'catiline', 'maranon', 'kerry', 'lima', 'languet', 'cornelia', 'philistine', 'amazon', 'tita', 'aymas', 'mistress salterne', 'agnus deis', 'guzman maria magdalena sotomayor', 'rose salterne', 'doctor dee', 'lucy passmore', 'santa fe', 'golden city', 'mary ambree', 'lady miranda', 'queen elizabeth', 'santa marta', 'lady grenville', 'elizabethan ballad', 'ship tavern', 'la guayra', 'lady bath', 'faerie queene', 'medina sidonia', 'virgin mother', 'lady hawkins', 'santa cruz']",40,"['spaniards', 'fortescues', 'cimaroons', 'omaguas', 'lapithae', 'stukely', 'orkneys', 'gayferos', 'walsingham', 'guayquerias', 'naiads', 'flushinger', 'smerwick', 'colbrand', 'arcite', 'stukelys', 'fortescue', 'baltinglas', 'ayacanora', 'clovelly', 'jesuits', 'britons', 'smithfield', 'ockment', 'lutheran', 'monoculus', 'romanists', 'catholics', 'amalivaca', 'ebsworthy', 'budaeus', 'guahibas', 'haccombe', 'euphues', 'popery', 'atahuallpa', 'groyne', 'bursdon', 'welcombe', 'kilkhampton']",male
m\1856_ballantyne-the-young-fur-traders,51,"['peter', 'joseph', 'scotchman', 'francois', 'baptiste', 'hugh', 'tim', 'hollo', 'noah', 'mike', 'antoine', 'tom', 'anderson', 'jacques', 'pierre', 'charley', 'bruin', 'hudson', 'george', 'peterkin', 'creator', 'hush', 'louis', 'stoney creek', 'frank kennedy', 'mister harry', 'charley kennedy', 'mr addison', 'robinson crusoe', 'rocky mountains', 'harry somerville', 'peter mactavish', 'old mr kennedy', 'york fort', 'mr charles', 'mr whyte', 'pastor conway', 'charles kennedy', 'jacques caradoc', 'mr grant', 'mike brady', 'mr hamilton', 'louis blanc', 'louis peltier', 'hugh mathison', 'fort garry', 'tom whyte', 'mr wilson', 'mr rogan', 'lower fort garry', 'mr seaforth']",9,"['hammy', 'annette', 'sieux', 'poor hamilton', 'miss kennedy', 'miss kate', 'kate kennedy', 'poor kate', 'miss cookumwell']",6,"['orkneyman', 'redfeather', 'wabisca', 'knisteneux', 'misconna', 'chipewyan']",male
m\1857_ballantyne-the-coral-island-a-tale-of-the-pacific-ocean,15,"['ralph', 'pacific', 'mango', 'peterkin', 'creator', 'hercules', 'gospel', 'jack', 'christianity', 'saviour jesus christ', 'jack martin', 'long tom', 'bloody bill', 'cape horn', 'ralph rover']",5,"['romata', 'rarotonga', 'mahine', 'avatea', 'diamond cave']",2,"['wesleyans', 'tararo']",male
m\1857_hughes-tom-browns-school-days,71,"['bogle', 'christian', 'peter', 'slogger', 'davis', 'thomas', 'virgil', 'shakespeare', 'tennyson', 'swift', 'harry', 'holmes', 'gower', 'wratislaw', 'willum', 'benjy', 'toby', 'ridgeway', 'crab', 'noah', 'walker', 'robinson', 'diggs', 'ashdown', 'naaman', 'jem', 'squire', 'tommy', 'john', 'gray', 'martin', 'regulator', 'warner', 'tadpole', 'herbert', 'thorne', 'alfred', 'madman', 'jack', 'homer', 'flashman', 'geordie', 'groove', 'dobbin', 'johnson', 'griffith', 'devonshire', 'cooey', 'pusey', 'momus', 'angel', 'jacob', 'joe willis', 'master tom', 'jacob dodson', 'farmer ives', 'farmer thompson', 'squire brown', 'toby philpot', 'george arthur', 'madam brown', 'harry winburn', 'great western', 'master joe', 'jack raggles', 'mr benjamin', 'billy taylor', 'crab jones', 'tom brown', 'mr aislabie', 'slogger williams']",14,"['flashey', 'sally', 'helen', 'barby', 'shannon', 'snooks', 'brooke', 'elisha', 'bailey', 'charity', 'easter', 'mary', 'rachel', 'sally harrowell']",6,"['harkaway', 'hazeldown', 'velveteens', 'wellesburn', 'blawing stwun', 'gaarge ridler']",male
m\1858_ballantyne-martin-rattler,25,"['barney', 'baron', 'martin', 'til', 'rio', 'creator', 'sambo', 'carreo', 'grampus', 'bob', 'irishman', 'redeemer', 'negro', 'mr arthur jollyboy', 'minas geraes', 'martin rattler', 'mr carrymooroo', 'mr jollyboy', 'rio janeiro', 'barney oflannagan', 'padre caramuru', 'john ward', 'baron fagoni', 'bob croaker', 'senhor antonio']",6,"['amazon', 'firefly', 'juiz', 'dorothy grumbit', 'aunt dorothy', 'aunt dorothy grumbit']",2,"['naygur', 'negroes']",male
m\1858_farrar-eric-or-little-by-little,40,"['gibson', 'graham', 'ayrton', 'eddy', 'monty', 'wright', 'macbeth', 'duncan', 'barker', 'montagu', 'bull', 'jim', 'owen', 'brigson', 'roberts', 'charlie', 'vernon', 'carter', 'verny', 'horace', 'edwin', 'homer', 'billy', 'shakspeare', 'owenite', 'cesar', 'llewellyn', 'john', 'georgic', 'mr williams', 'mr ready', 'mr lawley', 'walter rose', 'charles wildney', 'edwin russell', 'eric williams', 'mr harley', 'vernon williams', 'maister davey', 'mr gordon']",12,"['roslyn', 'easter', 'fanny', 'pietrie', 'brie', 'brooking', 'ellan', 'jolly herring', 'poor eric', 'avon glen', 'poor williams', 'stormy petrel']",10,"['silverburn', 'avonley', 'coryphaeus', 'starhaven', 'attlay', 'fairholm', 'charlesbury', 'riverbend', 'bombastes furioso', 'kibroth hattaavah']",male
m\1861_hughes-tom-brown-at-oxford,41,"['arthur', 'kennington', 'sanders', 'joe', 'umbala', 'jones', 'henry', 'monsieur', 'barton', 'adam', 'solomon', 'farley', 'higgs', 'blake', 'saunders', 'sandford', 'simon', 'grange', 'jove', 'nibble', 'harry', 'david', 'raleigh', 'mr drysdale', 'mr brown', 'master tom', 'albert gate', 'rotten row', 'wessex freeman', 'mr east', 'van john', 'harry winburn', 'harry east', 'eaton square', 'mr schloss', 'master larry', 'her majesty', 'mr hardy', 'mr smith', 'mr grey', 'mr walker']",8,"['katie', 'chanter', 'oriel', 'patty', 'gipsy', 'miss winter', 'lady mary', 'temple bar']",5,"['steventon', 'lamentations', 'wurley', 'englebourn', 'englebourn common']",male
m\1862_farrar-st-winfreds-the-world-of-school,59,"['arthur', 'devil', 'dr', 'henderson', 'virgil', 'dimock', 'johnny', 'herodotus', 'charlie', 'danvers', 'harry', 'lane', 'semlyn', 'rex', 'elgood', 'macon', 'dante', 'arty', 'giles', 'coles', 'cradock', 'norman', 'plumber', 'hanley', 'mac', 'joshua', 'ken', 'walter', 'anthony', 'smythe', 'dubbs', 'bryce', 'dan', 'ra', 'jones', 'viscount', 'franklin', 'symes', 'halloa', 'famulus', 'paton', 'fuzby', 'edwards', 'uriel', 'augustus', 'howards', 'flip', 'harry kenrick', 'saint george', 'mr robertson', 'mr percival', 'howard tracy', 'sir lawrence power', 'dr keith', 'walter evson', 'mr noel', 'arthur eden', 'charlie evson', 'master daubeny']",14,"['amphion', 'raven', 'mud', 'achan', 'somers', 'shelley', 'bliss', 'mrs evson', 'saint win', 'poor daubeny', 'mrs daubeny', 'saint winifred', 'lady power', 'mrs kenrick']",9,"['blissidas', 'bardlyn', 'appenfell', 'typhoeus', 'harpour', 'noelites', 'hugginson', 'noelite', 'evides']",male
m\1863_ballantyne-fighting-the-whales,8,"['robert', 'bob', 'fred', 'neptune', 'bill', 'tom', 'tom lokins', 'bill blunt']",0,[],0,[],male
m\1863_kingsley-the-water-babies,0,[],0,[],0,[],male
m\1865_ballantyne-the-lighthouse,44,"['pharos', 'eddystone', 'jamie', 'smeaton', 'ralph', 'provost', 'joe', 'scott', 'tory', 'frenchman', 'badger', 'pup', 'wilson', 'starboard', 'strachan', 'bremner', 'davy', 'paddy', 'hush', 'ned', 'dalls', 'jacob', 'samson', 'mr stevenson', 'james dove', 'peter logan', 'long forsyth', 'uncle ogilvy', 'big swankie', 'ned oconnor', 'jock swankie', 'robinson crusoe', 'joe dumsby', 'captain ogilvy', 'jamie dove', 'robert stevenson', 'george forsyth', 'major stewart', 'john watt', 'robert selkirk', 'johnny gray', 'mr winstanley', 'eddystone lighthouse', 'davy spink']",11,"['termagant', 'janet', 'lindsay', 'ruby', 'maggie', 'lindsays', 'minnie', 'gaylet pot', 'ruby brand', 'minnie gray', 'miss gray']",2,"['arbrought', 'britons']",male
m\1865_carroll-alices-adventures-in-wonderland,10,"['mouse', 'knave', 'eaglet', 'lizard', 'hatter', 'panther', 'gryphon', 'father william', 'mock turtle', 'white rabbit']",9,"['dormouse', 'alice', 'pat', 'dinah', 'lory', 'mabel', 'mary ann', 'beautiful soup', 'cheshire cat']",0,[],male
m\1869_dickens-david-copperfield,90,"['adams', 'joe', 'shakespeare', 'mortimer', 'uriah', 'macbeth', 'william', 'bush', 'ury', 'grainger', 'joram', 'tommy', 'john', 'tom', 'brooks', 'charley', 'strap', 'doady', 'roman', 'jip', 'wilkins', 'francis', 'edward', 'tipp', 'tungay', 'thomas benjamin', 'mr waterbrook', 'than agnes', 'mr dick', 'mr barkis', 'mr omer', 'robinson crusoe', 'captain bailey', 'mr spiker', 'king charles', 'mr creakle', 'mr larkins', 'mr chestle', 'master david', 'mr wickfield', 'uriah heep', 'mr murdstone', 'mr mell', 'mr jack', 'number twenty seven', 'mick walker', 'mr james', 'mr spenlow', 'mr copperfull', 'tom jones', 'master micawber', 'james steerforth', 'scotch croesus', 'mr dixon', 'mr thomas traddles', 'doctor strong', 'mr jorkins', 'twenty eight', 'mr traddles', 'mr dolloby', 'mr mills', 'master davy', 'old tiffey', 'captain hopkins', 'mr tiffey', 'mr bodgers', 'mr maldon', 'uncle dan', 'mr quinion', 'thomas traddles', 'twenty seven', 'david copperfield', 'mr jack maldon', 'trotwood copperfield', 'mr david', 'mr littimer', 'red whisker', 'mr tidd', 'lord chancellor', 'suffolk punches', 'mr henry spiker', 'mr gulpidge', 'roderick random', 'lord mayor', 'jack maldon', 'mr sharp', 'mr peggotty', 'wilkins micawber', 'tommy traddles', 'gil blas']",48,"['beein', 'minnie', 'polly', 'rosa', 'sophy', 'martha', 'julia', 'sarah', 'clara', 'annie', 'markham', 'emma', 'emly', 'britannia', 'jane', 'missis gummidge', 'doctor mell', 'little blossom', 'betsey trotwood copperfield', 'emma micawber', 'miss dartle', 'miss betsey trotwood', 'miss lavinia', 'agnes wickfield', 'miss shepherd', 'jane murdstone', 'miss dora', 'sister lavinia', 'miss creakle', 'betsey trotwood', 'dora spenlow', 'mary anne', 'little tafflin', 'martha endell', 'miss agnes', 'miss micawber', 'mealy potatoes', 'miss betsey', 'julia mills', 'clara peggotty', 'little emily', 'ham peggotty', 'miss larkins', 'miss clarissa', 'miss trotwood', 'miss mowcher', 'sister clarissa', 'rosa dartle']",4,"['grinby', 'pidger', 'blackfriars', 'blunderstone rookery']",male
m\1870_hemyng-jack-harkaways-boy-tinker-among-the-turks,42,"['marseilles', 'turk', 'shitan', 'joe', 'frenchman', 'mogador', 'frankish', 'herbert', 'rook', 'clermont', 'tinker', 'prophet', 'frank', 'bluebeard', 'albatross', 'harry', 'allah', 'nat cringle', 'joe deering', 'mr harkaway', 'mr jack', 'mr chivey', 'young jack', 'mark antony figgins', 'captain gonzales', 'jack harkaway', 'uncle dick', 'kallum beg', 'mr velasquez', 'captain robinson', 'monsieur delamarre', 'doctor berteaux', 'captain willis', 'old jack', 'mr murray', 'mr mole', 'pierre lenoir', 'harry girdwood', 'dick harvey', 'mr figgins', 'herbert murray', 'captain deering']",7,"['bosja', 'lor', 'bogey', 'paquita', 'hocquart clermont delamarre', 'little emily', 'massa figgins']",3,"['jehanum', 'giaour', 'markby']",male
m\1871_carroll-through-the-looking-glass,16,"['jabberwock', 'tweedledee', 'bandersnatch', 'unicorn', 'gnat', 'addition', 'hush', 'tweedledum', 'hatta', 'goat', 'carpenter', 'humpty dumpty', 'white king', 'looking glass', 'red king', 'anglo saxon']",8,"['dinah', 'frog', 'daisy', 'fawn', 'kitty', 'red queen', 'queen alice', 'white knight']",1,['haigha'],male
m\1871_macdonald-at-the-back-of-the-north-wind,17,"['sal', 'joseph', 'durante', 'adam', 'jim', 'orion', 'herodotus', 'jack', 'john', 'bo peep', 'mr coleman', 'mr evans', 'mr raymond', 'mr dyves', 'mr north wind', 'mr stonecrop', 'little boy blue']",8,"['martha', 'ruby', 'nanny', 'north wind', 'miss coleman', 'little bo peep', 'old diamond', 'birdie brown']",1,['kilmeny'],male
m\1871_macdonald-ranald-bannermans-boyhood,0,[],0,[],0,[],male
m\1872_ballantyne-the-pioneers,13,"['lawrence', 'wolf', 'bluenose', 'ducette', 'darkeye', 'louis', 'reuben', 'scot', 'reuben guff', 'english chief', 'rocky mountains', 'fort chipewyan', 'alexander mackenzie']",3,"['muskrat', 'le roux', 'monsieur mackenzie']",2,"['coppernose', 'swiftarrow']",male
m\1872_macdonald-the-princess-and-the-goblin,8,"['peterson', 'peter', 'hop', 'helfer', 'tom', 'sir walter', 'royal highness', 'your majesty']",3,"['glump', 'lootie', 'princess irene']",2,"['curdie', 'harelip']",male
m\1873_ballantyne-life-in-the-red-brigade,17,"['roman', 'joe', 'phil', 'bob', 'davy', 'fred', 'ned', 'bobby', 'david', 'jeff', 'fred crashington', 'raw herring', 'ned crashington', 'david clazie', 'joe dashwood', 'phil sparks', 'bob clazie']",13,"['molly', 'mag', 'martha', 'betty', 'maggie', 'mary', 'may dashwood', 'mary dashwood', 'martha reading', 'mrs dashwood', 'mrs crashington', 'mrs middleton', 'little jim']",2,"['bloater', 'ladbroke square']",male
m\1873_macdonald-gutta-percha-willie-the-working-genius,4,"['priory', 'hector', 'mr shepherd', 'mr macmichael']",4,"['mona', 'priory leas', 'mrs wilson', 'gutta percha willie']",0,[],male
m\1874_ballantyne-the-pirate-city-an-algerine-tale,63,"['algiers', 'christian', 'sidi', 'moor', 'oued', 'mariano', 'sovereign', 'barbarossa', 'rais', 'castello', 'adam', 'naples', 'carthage', 'francisco', 'vandals', 'arabs', 'jacob', 'achmet', 'jews', 'prophet', 'bill', 'zubby', 'genoese', 'kaid', 'geronimo', 'turk', 'christians', 'roman', 'ted', 'prometheus', 'scripture', 'zooloo', 'turks', 'mohammed', 'lucien', 'jew', 'ziffa', 'severn', 'padre giovanni', 'atlas mountains', 'ted flaggan', 'hadji baba', 'lucien rimini', 'sidi cadua', 'don pedro', 'signor bacri', 'francisco rimini', 'frais vallon', 'master jim', 'captain dashwood', 'sidi hassan', 'djama djedid', 'rais ali', 'lingua franca', 'achmet dey', 'jacob mordecai', 'sidi hamet', 'sidi omar', 'omar dey', 'achmet pasha', 'dey omar', 'pointe pescade', 'lord exmouth']",32,"['juliet', 'agnes', 'paulina', 'zara', 'marine', 'arabic', 'zahara', 'algerine', 'lisle', 'sicilian', 'aga', 'sultana', 'africa', 'blindi', 'barbary', 'angela', 'bab', 'marina', 'hanyfa', 'fatma', 'angelina', 'agnes langley', 'bab azoun', 'blindi bobi', 'ally babby', 'aga hamet', 'colonel langley', 'queen charlotte', 'madame langley', 'angela diego', 'paulina ruffini', 'mrs langley']",8,"['jewesses', 'algerines', 'ashweesha', 'melampus', 'kabyles', 'sicilians', 'mohammedan', 'bagnio']",male
m\1875_ballantyne-rivers-of-ice,51,"['dru', 'aiguille', 'lechaud', 'fred', 'geant', 'cappen', 'fahrenheit', 'chapeau', 'willum', 'rollo', 'lewie', 'lecroix', 'chamouni', 'william', 'martigny', 'balme', 'montanvert', 'antoine', 'mont', 'matterhorn', 'count', 'jacques', 'forbes', 'baptist', 'thames', 'willie', 'george', 'creator', 'nature', 'cupid', 'grubb', 'count horetzki', 'baptist le croix', 'monte rosa', 'william stout', 'mont blanc', 'doctor lawrence', 'dr tough', 'mont blang', 'mr lewis', 'grands mulets', 'dr lawrence', 'lewis stoutley', 'willum stout', 'cappen wopper', 'mont mallet', 'dr george lawrence', 'captain wopper', 'fred leven', 'mr slingsby', 'antoine grennon']",28,"['verte', 'charmoz', 'dook', 'glace', 'gillie', 'bois', 'mademoiselle', 'californy', 'susan', 'gouter', 'madame', 'emma gray', 'mademoiselle horetzki', 'miss emma', 'mrs roby', 'nova zembla', 'miss nita', 'le croix', 'madame grennon', 'mrs stoutley', 'netta white', 'little netta', 'mrs leven', 'miss gray', 'gillie white', 'susan quick', 'miss horetzki', 'nita horetzki']",3,"['gorong', 'talefre', 'sargasso']",male
m\1875_macdonald-a-double-story,0,[],3,"['rosamond', 'agnes', 'peggy']",0,[],male
m\1876_adams-hair-breadth-escapes-the-adventures-of-the-three-boys-in-south-africa,44,"['babel', 'umboo', 'stellenbosch', 'bushman', 'andy', 'charles', 'elijah', 'joe', 'patoto', 'dalili', 'kobo', 'toboo', 'kaffir', 'gilbert', 'pizarro', 'bushmen', 'herodotus', 'frank', 'dionysius', 'ernest', 'cape', 'vangelt', 'jennings', 'cortez', 'maroro', 'andrews', 'hottentots', 'tom', 'master nick', 'captain wilmore', 'de walden', 'white falsehood', 'ernest warley', 'captain renton', 'captain gilby', 'george schmidt', 'mr lavie', 'master george', 'joe cobbes', 'frank wilmore', 'andy duncan', 'van ryk', 'mr grey', 'white prophet']",13,"['ascension', 'kama', 'chuma', 'maomo', 'koodoo', 'ohara', 'ella', 'gaike', 'evil spirits', 'miss hordern', 'miss gregg', 'queen laura', 'mrs staines']",12,"['hooghly', 'hottentot', 'kalambo', 'omatoko', 'namaquas', 'basuto', 'bechuana', 'oudtshoorn', 'leshoo', 'namaqua', 'bechuanas', 'basutos']",male
m\1877_ballantyne-the-settler-and-the-savage,83,"['tottie', 'eno', 'macomo', 'slinger', 'christian', 'bowker', 'scotch', 'kenneth', 'kei', 'saviour', 'dutchman', 'booby', 'charlie', 'goliath', 'dikkop', 'cape', 'stephen', 'snip', 'hendrik', 'southey', 'james', 'jim', 'jerry', 'robert', 'septimus', 'bob', 'tarka', 'edwin', 'malay', 'john', 'hech', 'purcell', 'bushman', 'booko', 'kafir', 'ruyter', 'africaner', 'gaika', 'hercules', 'mahony', 'conrad', 'david', 'scot', 'roman', 'george', 'mynheer', 'zulu', 'bushmen', 'hans', 'hottentots', 'abdul jemalee', 'charles considine', 'union jack', 'cape dutchmen', 'bob skyd', 'sir benjamin', 'stephen orpin', 'john skyd', 'lower albany', 'mr pringle', 'groot willem', 'glen lynden', 'colonel smith', 'lucas van dyk', 'charlie considine', 'conrad marais', 'lord glenelg', 'van dyk', 'dr cotton', 'christian muller', 'lord charles somerset', 'diederik muller', 'george rennie', 'james skyd', 'hans marais', 'frank dobson', 'kenneth mctavish', 'jerry goldboy', 'mynheer marais', 'david jacob', 'master junkie', 'george dally', 'robert skyd']",14,"['venus', 'chaka', 'africa', 'gertie', 'jessie', 'bertha', 'bertha marais', 'sandy black', 'mrs marais', 'mrs merton', 'jan smit', 'dutch african', 'mrs scholtz', 'jessie mctavish']",15,"['bowkers', 'dragoener', 'fingoes', 'zuurveld', 'englishers', 'umtini', 'hottentot', 'hintza', 'bergenaars', 'prinsolo', 'grahamstown', 'kafirs', 'slingsby', 'fetcani', 'kawfirs']",male
m\1878_kingston-the-three-admirals,86,"['southsea', 'peter', 'dublin', 'gallas', 'dutchman', 'ben', 'chinaman', 'boreas', 'tim', 'cape', 'pekin', 'magdala', 'gerald', 'tigre', 'toby', 'diab', 'armstrong', 'fox', 'jerry', 'zanzibar', 'damios', 'yokohama', 'malay', 'dick', 'tommy', 'tom', 'arabs', 'wight', 'taku', 'terence', 'aden', 'orion', 'maoris', 'bango', 'jack', 'selassie', 'pango', 'nick', 'jos', 'theodore', 'ned', 'billy', 'kassai', 'papua', 'tae', 'charley roy', 'captain po', 'cape fly', 'captain cooper', 'tim nolan', 'ben snatchblock', 'gunter scale', 'harry cane', 'dick stokes', 'dr locock', 'tommy pratt', 'lord saint maur', 'jos green', 'lieutenant blewitt', 'mr gimlet', 'captain jull', 'rip van winkle', 'archie gordon', 'jonathan jull', 'lieutenant prideaux', 'viscount saint maur', 'sir robert', 'prince satsuma', 'saint maur', 'captain adair', 'captain stubbins', 'captain rogers', 'doctor locock', 'young alick', 'counsellor mcmahon', 'major bubsby', 'jerry bird', 'mr mildmay', 'jack rogers', 'gerald desmond', 'captain murray', 'lord elgin', 'billy blueblazes', 'tom rogers', 'cape horn', 'captain robson']",22,"['sydney', 'chusan', 'fahla', 'lucy', 'bellona', 'julia', 'arrah', 'pow', 'zulla', 'bonins', 'empress', 'stella', 'eugenia', 'pat casey', 'mrs bubsby', 'poor adair', 'miss angelica', 'poor archie', 'mrs mcmahon', 'massa pat', 'victoria peak', 'mrs murray']",11,"['ballymacree', 'spithead', 'bashilo', 'faralon', 'afficho', 'gumbaji', 'peiho', 'bercaldine', 'pehtang', 'holloa', 'snarley']",male
m\1879_hemyng-jack-harkaway-in-new-york,25,"['arthur', 'simpkins', 'jacques', 'sinclair', 'harvey', 'warrior', 'alfred', 'morris', 'jove', 'dick', 'alfred van hoosen', 'mr harkaway', 'jack harkaway', 'morris hart', 'lord maltravers', 'van hoosen', 'mr cobb', 'captain cannon', 'mr twinkle', 'mr merrifield', 'jacques belot', 'signor bambino', 'mr mole', 'mr oldfoguey', 'marse jack']",12,"['mme', 'fifine', 'lena', 'erin', 'calais', 'lena van hoosen', 'lady maltravers', 'professor mole', 'vesta levine', 'mrs van hoosen', 'madame vesta levine', 'madame levine']",0,[],male
m\1879_hemyng-the-slave-of-the-mine,26,"['dan', 'pedro', 'harvey', 'vasquez', 'rio', 'clarence', 'ed', 'alfonso', 'alfred', 'jack', 'dick', 'captain blower', 'mr harkaway', 'dan markham', 'marse holt', 'jack harkaway', 'san francisco', 'lord maltravers', 'nappa bill', 'mr simpson', 'alfred vanhoosen', 'mr mole', 'clarence holt', 'mr smith', 'mr foster', 'mr foss']",6,"['elise', 'merced', 'lena', 'miss vanhoosen', 'elise holt', 'lena vanhoosen']",2,"['fossville', 'calistoga']",male
m\1881_ballantyne-my-doggie-and-i,19,"['sal', 'slogger', 'adam', 'punch', 'arc', 'robin', 'dobson', 'pompey', 'villum', 'harry', 'john', 'mr brassey', 'villum bowls', 'john waters', 'robin slidder', 'dr mctougall', 'hoboy crescent', 'dr mellon', 'bingley manor']",17,"['dumps', 'sally', 'lilly', 'edie', 'whitechapel', 'flogin', 'dolly', 'edith', 'jenny', 'mrs mctougall', 'eva bright', 'mrs willis', 'mrs jones', 'lilly blythe', 'mrs miff', 'miss blythe', 'edie willis']",1,['vitechapel'],male
m\1881_reed-the-fifth-form-at-st-dominics,57,"['hon', 'braddy', 'vulcan', 'county', 'mahomet', 'bullinger', 'steevie', 'rick', 'stee', 'stephen', 'roach', 'ricketts', 'william', 'morris', 'simon', 'spicer', 'caesar', 'jeff', 'raleigh', 'tom', 'watson', 'tony', 'tadpole', 'webster', 'wray', 'padger', 'earl', 'anthony', 'teddy', 'euclid', 'stansfield', 'noll', 'bohn', 'oliver', 'horace', 'young forrester', 'sir patrick', 'gusset lock', 'michael angelo', 'mr cripps', 'master loman', 'dr senior', 'ben cripps', 'master greenfield', 'brother bilke', 'tenth fiji war', 'mr jellicott', 'master pembury', 'tom senior', 'master stephen greenfield', 'master paul', 'saint dominic', 'horace wraysford', 'stephen greenfield', 'oliver greenfield', 'mr harrison', 'master bramble']",13,"['rastle', 'baynes', 'buttercups', 'loamy', 'nightingale', 'raikes', 'shar', 'wren', 'daisies', 'nightingale scholarship', 'love ballad', 'gusset weir', 'mrs greenfield']",8,"['cockchafer', 'tadpoleopolis', 'waterston', 'callonby', 'bellerby', 'dallingford', 'tadpoles', 'raddleston']",male
m\1882_ballantyne-the-life-of-a-ship,4,"['davy', 'ben', 'quebec', 'ben block']",0,[],0,[],male
m\1882_henty-facing-death,13,"['logan', 'vaughan', 'davy', 'bill', 'chequers', 'jack', 'harry', 'mr merton', 'bill haden', 'jack simpson', 'mr dodgson', 'harry shepherd', 'mr hardinge']",9,"['brook', 'nelly', 'bess', 'juno', 'jane', 'mary simpson', 'alice merton', 'nelly hardy', 'jane haden']",1,['stokebridge'],male
m\1882_jefferies-bevis-the-story-of-a-boy,42,"['hick', 'sirius', 'charles', 'faust', 'ted', 'scipio', 'charybdis', 'jonas', 'pan', 'phil', 'george', 'arcturus', 'capella', 'pisistratus', 'serendib', 'orion', 'charlie', 'fred', 'mark', 'shakespeare', 'ulysses', 'tim', 'adler', 'alexander', 'bobby', 'dick', 'caesar', 'samson', 'john', 'tom', 'bevis bevis', 'john young', 'phil varro', 'ted pompey', 'old moke', 'fir tree gulf', 'caesar bevis', 'mark antony', 'kyng estmere', 'follow bevis', 'scipio cecil', 'big jack']",18,"['pinta', 'antares', 'jog', 'amazon', 'loo', 'lyra', 'circe', 'frances', 'val', 'scylla', 'niagara', 'cassiopeia', 'africa', 'wat', 'polly', 'jolly old moke', 'val crassus', 'measter bevis']",2,"['longcot', 'dervishes']",male
m\1883_ballantyne-battles-with-the-sea,15,"['shields', 'jones', 'robson', 'friendship', 'jack', 'willie', 'dick', 'jacobs', 'jarman', 'lionel lukin', 'goodwin sands', 'joseph rodgers', 'dick shales', 'sir charles reed', 'james gilbert']",4,"['cora', 'constance', 'gull', 'mary mac']",4,"['blunderton', 'goodwins', 'maghee', 'girdler']",male
m\1883_ballantyne-the-thorogood-family,21,"['blackbeard', 'jim', 'bob', 'fred', 'jack', 'coastguard', 'reuben', 'dick', 'harry', 'jacob', 'spinks', 'tom', 'reuben dale', 'old moll', 'kenneth macfearsome', 'harry thorogood', 'bob thorogood', 'jacob strang', 'tom turner', 'fred harper', 'rocky mountains']",7,"['molly', 'tiddler', 'loo', 'maggie', 'liz', 'mrs thorogood', 'beaver creek']",2,"['fiddlestrings', 'coastguardsman']",male
m\1883_fenn-nat-the-naturalist-a-boys-adventures-in-the-eastern-seas,14,"['nat', 'dit', 'buzzy', 'uncle joe', 'ebo nee', 'master nathaniel', 'uncle dick', 'uncle joseph', 'humpty dumpty', 'uncle richard', 'clapham common', 'doctor burnett', 'master ebo', 'mr ebony']",8,"['natty', 'shush', 'nap', 'jane', 'aru', 'polly', 'aunt sophy', 'aunt sophia']",1,['papuans'],male
m\1883_kingston-adventures-in-africa,6,"['hans', 'fred', 'harry', 'toko', 'mr welbourn', 'hans scarff']",1,['jan'],0,[],male
m\1883_macdonald-the-princess-and-curdie,6,"['peter', 'dr kelman', 'your majesty', 'mr butler', 'sir bronzebeard', 'her royal highness']",5,"['lina', 'derba', 'barbara', 'joan', 'queen irene']",4,"['gwyntystorm', 'clubhead', 'curdie', 'ballbody']",male
m\1883_reed-the-adventures-of-a-three-guinea-watch,44,"['mouse', 'babel', 'larry', 'mortimer', 'lucknow', 'patrick', 'stumpy', 'joe', 'tripos', 'duck', 'havelock', 'shaddy', 'walcot', 'james', 'jim', 'garge', 'halliday', 'gurley', 'paddy', 'shad', 'clarke', 'howe', 'cicero', 'fisher', 'jack', 'gus', 'corpus', 'wathah', 'cadger', 'tom', 'mr drift', 'dr wilkins', 'charlie newcome', 'old sal', 'duck downie', 'uncle joseph', 'master walker', 'tom drift', 'mr belsham', 'saint george college', 'saint george', 'gus burke', 'whereupon charlie', 'george reader']",6,"['bailey', 'mrs reader', 'queen anne', 'mrs newcome', 'mrs argent', 'mrs packer']",8,"['margetson', 'hurrah', 'cawnpore', 'shadbolt', 'muggerbridge', 'tuppeny', 'randlebury', 'whitstone woods']",male
m\1883_stevenson-treasure-island,39,"['barbecue', 'alan', 'george', 'hunter', 'benbow', 'ben', 'jim', 'bill', 'dogger', 'jack', 'billy', 'dick', 'harry', 'tom', 'george merry', 'mr silver', 'long john', 'john silver', 'ben gunn', 'long john silver', 'davy jones', 'billy bones', 'mr hawkins', 'mr hands', 'master pew', 'mr dance', 'tom redruth', 'jim hawkins', 'job anderson', 'black dog', 'abraham gray', 'tom morgan', 'captain smollett', 'captain kidd', 'doctor livesey', 'captain flint', 'benjamin gunn', 'mr trelawney', 'mr arrow']",1,['joyce'],1,['hispaniola'],male
m\1884_collingwood-the-pirate-island-a-story-of-the-south-pacific,34,"['ralli', 'bobbie', 'alec', 'hillo', 'rex', 'tom', 'kit', 'waal', 'salmon', 'robert', 'bowles', 'bob', 'carter', 'bill', 'sam', 'valparaiso', 'boyd', 'dick', 'petrel', 'albatross', 'dickinson', 'forester dale', 'rex fortescue', 'captain johnson', 'whereupon lance', 'staunton cottage', 'bill maskell', 'black hole', 'sir richard', 'captain staunton', 'lance evelin', 'sir richard lascelles', 'captain turnbull', 'ned masters']",13,"['sydney', 'brook', 'galatea', 'diadem', 'violet', 'blanche', 'mrs percival', 'violet dudley', 'mrs staunton', 'miss butler', 'blanche lascelles', 'betsy jane', 'miss lascelles']",4,"['gunfleet', 'seamew', 'dashwood', 'legerton']",male
m\1884_collingwood-under-the-meteor-flag-log-of-a-midshipman-during-the-french-revolutionary-ear,79,"['ajaccio', 'peters', 'solzi', 'harvey', 'dutchman', 'francois', 'curacao', 'pandemonium', 'baptiste', 'goliath', 'fisher', 'tim', 'adolphe', 'toulon', 'bolus', 'flinn', 'matteo', 'guiseppe', 'carter', 'bobby', 'dick', 'antoine', 'tom', 'ushant', 'martin', 'frenchman', 'jacques', 'frenchmen', 'montrouge', 'paddy', 'jack', 'atkins', 'patterson', 'timothy', 'benedetto', 'nicolas', 'percival', 'kingston', 'george', 'scourge', 'calvi', 'giaccomo', 'requin', 'simpson', 'mr woods', 'captain brisac', 'pierre cousin', 'major general dundas', 'sir james', 'captain hood', 'westward ho', 'count lorenzo', 'sir peregrine', 'tom hardy', 'count lorenzo paoli', 'mr vining', 'mr rawlings', 'cliff battery', 'monsieur durand', 'mr chester', 'key grande', 'monsieur latour', 'master bob', 'davy jones', 'johnny crapaud', 'saint domingo', 'mr clewline', 'bob summers', 'san fiorenzo', 'monsieur lemaitre', 'cape spartivento', 'ralph chester', 'count robert', 'captain nelson', 'master ralph', 'captain annesley', 'mr sennitt', 'bobby summers', 'sans culotte']",20,"['florence', 'florrie', 'juanita', 'blanche', 'astarte', 'smellie', 'vidette', 'francesca', 'markham', 'maria', 'mouette', 'angela', 'jean', 'amy', 'juno', 'jean leferrier', 'dame leferrier', 'madame leferrier', 'le narcisse', 'el roque']",8,"['corsicans', 'spithead', 'hawsepipe', 'gimbals', 'fwench', 'tompion', 'frenchified', 'barbadoes']",male
m\1884_fenn-through-forest-and-stream,7,"['pete', 'nature', 'bill', 'bill cross', 'uncle dick', 'master nat', 'robinson crusoe']",1,['carib'],2,"['mapah', 'caribs']",male
m\1884_lang-the-princess-nobody-a-tale-of-fairyland,1,['au temps'],0,[],0,[],male
m\1885_collingwood-the-congo-rovers-a-story-of-the-slave-squadron,38,"['williams', 'lubem', 'burnett', 'richards', 'fitz', 'peters', 'pedro', 'frenchman', 'collins', 'flanaghan', 'harold', 'loando', 'tomkins', 'hawksbill', 'ned', 'dick', 'tom', 'senor madera', 'lord southdown', 'mr shears', 'mr smellie', 'fitz johnes', 'mr armitage', 'mr hawkesley', 'lord fitz johnes', 'shark point', 'old mildmay', 'saint george', 'padron point', 'captain dubosc', 'lord tomnoddy', 'monsieur saint croix', 'saint paul', 'captain vernon', 'saint croix', 'lord henry', 'fitz jones', 'don manuel']",19,"['juliet', 'keene', 'hebe', 'eva', 'madre', 'vestale', 'josefa', 'daphne', 'dona antonia', 'black venus', 'monsieur le breton', 'miss smith', 'lady mary', 'banana creek', 'monsieur le', 'vere montmorenci', 'madre dolores', 'le breton', 'poor austin']",3,"['lubembabemba', 'halold', 'boolambemba point']",male
m\1885_collingwood-the-voyage-of-the-aurora,29,"['rogers', 'cross', 'talbot', 'pedro', 'kingston', 'thomson', 'hillo', 'ben', 'ritson', 'nicholls', 'bowen', 'roberts', 'edward', 'jack', 'snowball', 'ned', 'jove', 'dicky', 'tom', 'robert arnold', 'sea view', 'don christoval', 'captain arnold', 'captain singleton', 'george leicester', 'doctor pearson', 'edward walford', 'captain leicester', 'dicky rudd']",10,"['virginie', 'pines', 'aurora', 'cigne', 'havana', 'lucy', 'andromeda', 'mrs walford', 'lucy walford', 'poor george']",2,"['spaniards', 'alverstoke']",male
m\1885_fenn-the-new-forest-spy,14,"['godfrey', 'frenchy', 'frenchman', 'nature', 'stuarts', 'pst', 'jem', 'master waller', 'joe hanson', 'king george', 'brown bess', 'godfrey boyne', 'tony gusset', 'waller froy']",6,"['bella', 'martha', 'bunny', 'loo creek', 'bunny wrigg', 'martha gusset']",1,['brackendene'],male
m\1885_henty-the-dragon-and-the-raven,54,"['sweyn', 'parrot', 'rome', 'norseman', 'havre', 'hasting', 'marseilles', 'marne', 'haffa', 'william', 'ethelwulf', 'noah', 'hants', 'maas', 'harding', 'dane', 'ashdown', 'danes', 'rouen', 'caesar', 'paris', 'woden', 'humber', 'ardennes', 'frankish', 'toley', 'northmen', 'ethelbert', 'northman', 'genoese', 'franks', 'christendom', 'oderic', 'odin', 'wodin', 'theodore', 'christianity', 'severn', 'count eudes', 'earl algar', 'east anglia', 'abbe dabbon', 'edmund egbert', 'king alfred', 'ealdorman eldred', 'jarl siegbert', 'abbe ebble', 'jarl eric', 'christian saxons', 'prince alfred', 'emperor charles', 'king burhred', 'ealdorman edmund', 'jarl bijorn']",15,"['burgundy', 'athelstan', 'lea', 'mercia', 'sussex', 'genoa', 'freda', 'ethelred', 'judith', 'athelney', 'seine', 'easter', 'elbe', 'goslin', 'golden dragon']",9,"['elswitha', 'gozbert', 'ethelbald', 'guthorn', 'medeshamsted', 'kesteven', 'siegfroi', 'egbertesstan', 'bristowe']",male
m\1885_henty-the-young-colonists,63,"['kaffir', 'dutchman', 'joel', 'hall', 'natal', 'russell', 'shah', 'oham', 'ekowe', 'sirayo', 'buffs', 'cronje', 'james', 'shepstone', 'baker', 'blacking', 'richard', 'dick', 'cetewayo', 'limpopo', 'john', 'tom', 'durban', 'pearson', 'tony', 'jumbo', 'ulundi', 'matabele', 'zulus', 'johnson', 'jimmy', 'zulu', 'utrecht', 'captain ronald campbell', 'mr van burer', 'sir evelyn wood', 'sir bartle frere', 'lieutenants green', 'royal engineers', 'captain moriarty', 'piet uys', 'captain falls', 'colonel wood', 'pieter maritzburg', 'colonel buller', 'natal carabineers', 'lieutenant long', 'major dartnell', 'bill harrison', 'captain macgregor', 'mr harvey', 'mr humphreys', 'royal artillery', 'captain sanctuary', 'lord chelmsford', 'lieutenant bromhead', 'dragoon guards', 'major barrow', 'captain campbell', 'major hackett', 'sir garnet wolseley', 'brigadier general wood', 'tom jackson']",6,"['lysons', 'boadicea', 'boer', 'madeira', 'mrs jackson', 'mrs humphreys']",19,"['standerton', 'unodwingo', 'kambula', 'zlobani', 'mangrope', 'newdigate', 'manyamyoba', 'dabulamanzi', 'secoceni', 'luneberg', 'helpmakaar', 'kaffirs', 'basutos', 'amatikulu', 'swazis', 'umbelleni', 'untongo', 'leydenberg', 'wackerstroom']",male
m\1885_kingston-adventures-in-australia,13,"['carlo', 'guy', 'maurice', 'ralph', 'oliver', 'hector', 'bracewell', 'toby', 'maurice thurston', 'mr strong', 'old bob', 'captain mason', 'cyril vinson']",1,['mary strong'],0,[],male
m\1885_reed-follow-my-leader,54,"['joe', 'virgil', 'junius', 'ponty', 'cartwright', 'pontifex', 'juniors', 'jonathan', 'templeton', 'jerry', 'coote', 'steg', 'richard', 'jove', 'den', 'tom', 'tory', 'firm', 'forbes', 'cazenove', 'gosse', 'webster', 'smith', 'david', 'diogenes', 'gossy', 'pickwick', 'george', 'cresswell', 'jupiter', 'jehu', 'devonshire', 'culver', 'edward', 'hooker', 'cress', 'basil', 'spokes', 'swilford wood', 'thomas white', 'templeton observer', 'george heathcote', 'master fitch', 'sprit rock', 'welkin beacon', 'whereupon dick', 'tom white', 'mr pledge', 'number one', 'mr richardson', 'select sociables', 'dick richardson', 'master raggles', 'young aspinall']",14,"['georgie', 'martha', 'nemesis', 'birket', 'hermit', 'dominat', 'westover', 'tub', 'bertie', 'mrs partlett', 'poor heathcote', 'dr winter', 'mrs ashford', 'georgie heathcote']",10,"['wrangham', 'markridge', 'blackarch', 'templetonian', 'braider', 'swinstead', 'pauncefote', 'threepence', 'calverly', 'whereat heathcote']",male
m\1885_reed-reginald-cruden,42,"['reggie', 'christian', 'harker', 'tacker', 'grinder', 'jim', 'samuel', 'sam', 'squires', 'cain', 'alf', 'waterford', 'esquire', 'granville', 'corelli', 'wilkins', 'magog', 'parker', 'horrors', 'horace', 'abel', 'mr booms', 'tommy love', 'reginald cruden', 'robinson crusoe', 'mr reginald', 'mr shuckleford', 'major lambert', 'cruden reginald', 'young gedge', 'mr sniff', 'samuel shuckleford', 'mr pillans', 'select agency corporation', 'agency corporation', 'mr smith', 'mr medlock', 'tim tigerskin', 'mr barber', 'giant despair', 'mr durfy', 'saint nathaniel']",11,"['polly', 'swallow', 'shades', 'mulberry', 'poor reg', 'miss jemima', 'mrs cruden', 'miss crisp', 'miss shuckleford', 'mrs shuckleford', 'mrs wrigley']",4,"['wilderham', 'fogey', 'wilderham close', 'longstop railway']",male
m\1886_ballantyne-the-lively-poll,43,"['tottie', 'christian', 'joe', 'jacob', 'hawkson', 'groggy', 'dutchman', 'fink', 'jim', 'bob', 'matty', 'fred', 'neptune', 'jack', 'ned', 'dick', 'stephen', 'wentworth', 'manx', 'blue boar', 'ned bryce', 'jim freeman', 'north sea', 'skipper lockley', 'stephen lockley', 'gorleston pier', 'bob lumpy', 'skipper fox', 'john binning', 'jacob jones', 'skipper martin', 'deep sea fishermen', 'black thomson', 'manx bradley', 'fred martin', 'granny martin', 'bob lumsden', 'peter jay', 'dr martin', 'dick martin', 'groggy fox', 'david duffy', 'joe stubley']",16,"['pat', 'bibles', 'martha', 'fairy', 'stubs', 'cherub', 'puffy', 'mrs mooney', 'pat stiver', 'georgie fox', 'mrs martin', 'martha lockley', 'eve mooney', 'miss eve', 'mrs lockley', 'widow mooney']",2,"['gorleston', 'cormorant']",male
m\1886_ballantyne-the-prairie-chief,11,"['roman', 'blackfeet', 'whitewing', 'blackfoot', 'bruin', 'hum', 'skipping rabbit', 'great manitou', 'bald eagle', 'big tim', 'leetil tim']",5,"['brighteyes', 'niagara', 'hee', 'lightheart', 'little tim']",4,"['umqua', 'eaglenose', 'softswan', 'bounding bull']",male
m\1886_fenn-son-phillip,9,"['philip', 'eben', 'phil', 'davy', 'ebenezer', 'parks', 'james', 'master hexton', 'philip hexton']",1,['mrs hexton'],0,[],male
m\1886_henty-for-name-and-fame,82,"['matun', 'ameer', 'kaffir', 'helmund', 'yossouf', 'girishk', 'thull', 'kohat', 'reuben', 'hammond', 'cabul', 'logan', 'plater', 'lowther', 'william', 'robert', 'baker', 'sam', 'yakoob', 'malay', 'ghazi', 'khuram', 'john', 'candahar', 'massy', 'malays', 'ayoub', 'bill', 'jack', 'bolan', 'tytler', 'macpherson', 'java', 'will', 'ghazis', 'maiwand', 'wali', 'shepherd', 'hans', 'billy', 'hazir', 'master tom', 'captain powell', 'major cavagnari', 'sir lewis cavagnari', 'horse artillery', 'royal horse artillery', 'sir lewis', 'tom ripon', 'captain ripon', 'captain herbert', 'mr jenkyns', 'colonel gordon', 'major smith wyndham', 'captain fletcher', 'captain frome', 'bengal sappers', 'william gale', 'major anderson', 'yakoob khan', 'james eastrey', 'sir frederick roberts', 'major collett', 'colonel ripon', 'mr bailey', 'major harrison', 'royal artillery', 'will gale', 'mahomed jan', 'mr reynolds', 'captain mayhew', 'bengal cavalry', 'ahmed khel', 'abdul rahman', 'bengal lancers', 'zerghun shah', 'sam dickson', 'brigadier general thelwall', 'captain goad', 'brigadier general cobbe', 'bala hissar', 'captain edwards']",9,"['hindoo', 'gundi', 'turis', 'herat', 'kitty', 'ali kheyl', 'doctor kelly', 'sheer ali', 'ali musjid']",29,"['spingawi', 'sikhs', 'budmashes', 'ghuzni', 'jugdulluk', 'khost', 'chaurasia', 'hindoos', 'ghoorkas', 'ghoorka', 'domajee', 'gundamuk', 'mongals', 'duranees', 'ghilzais', 'enfields', 'fortescue', 'jellalabad', 'nakhud', 'quettah', 'peiwar', 'hussars', 'ghilzai', 'punjaub infantry', 'scinde horse', 'netherwood common', 'punjaubee cavalry', 'punjaub cavalry', 'peiwar khotal']",male
m\1886_henty-within-the-enemy-lines,19,"['neal', 'paul', 'vampire', 'beeks', 'corny', 'sampson', 'homer passford', 'captain lonley', 'mr vapoor', 'captain passford', 'mr mulgate', 'mr fetters', 'paul vapoor', 'captain carboneer', 'uncle homer', 'major pierson', 'colonel passford', 'mr watts', 'captain breaker']",9,"['teaser', 'gerty', 'bronx', 'christy', 'judith', 'haslett', 'miss florry', 'christy passford', 'aunt lydia']",3,"['bellevite', 'warping', 'bonnydale']",male
m\1886_stevenson-kidnapped,59,"['charles', 'ou', 'kippen', 'neil', 'camerons', 'covenant', 'mungo', 'alan', 'james', 'robin', 'carse', 'john', 'maclean', 'whigs', 'appin', 'duncan', 'duror', 'maclaren', 'torrance', 'hawes', 'cluny', 'davie', 'gaelic', 'ross', 'colin roy', 'alan breck', 'mr glen', 'red colin', 'mr balfour', 'alan breck stewart', 'red fox', 'neil roy macrob', 'loch errocht', 'loch rannoch', 'mr stewart', 'james stewart', 'appin stewart', 'mr rankeillor', 'mr ebenezer', 'captain hoseason', 'mr campbell', 'mr thomson', 'allan water', 'preston pans', 'ben more', 'mr riach', 'uncle ebenezer', 'duncan stewart', 'david balfour', 'colin campbell', 'mr alexander', 'mr david', 'ben alder', 'king george', 'mr macgregor', 'mr shuan', 'duncan dhu', 'john breck', 'robin oig']",6,"['glencoe', 'ardshiel', 'shaws', 'mamore', 'jennet clouston', 'cape wrath']",15,"['whig', 'heasyoasy', 'pilrig', 'maclarens', 'dysart', 'torosay', 'aucharn', 'limekilns', 'corrynakiegh', 'earraid', 'maccolls', 'glenure', 'ardgour', 'whiggish', 'balquhidder']",male
m\1887_adams-perils-in-the-transvaal-and-zululand,100,"['rogers', 'napoleon', 'praetorius', 'dingaan', 'zeerust', 'kaffir', 'dutchman', 'wyndham', 'lichtenberg', 'natal', 'vander', 'kop', 'ludwig', 'glyn', 'cape', 'henryk', 'colenso', 'hooper', 'ekowe', 'stellenbosch', 'sirayo', 'haxo', 'boers', 'rudolf', 'cornelius', 'whittaker', 'wilhelm', 'heidelberg', 'sullivan', 'cetewayo', 'vley', 'boomerang', 'rorke', 'bony', 'baylens', 'gott', 'durban', 'joubert', 'pearson', 'baylen', 'englishmen', 'robson', 'walters', 'andersen', 'bloemfontein', 'mccarthy', 'walter', 'kololo', 'ulundi', 'sherwin', 'drift', 'zulus', 'mynheer', 'rolfe', 'lambert', 'zulu', 'redgy', 'ernest', 'christianity', 'rivers', 'utrecht', 'hottentots', 'old potgieter', 'john bostock', 'captain forester', 'peter retieff', 'captain ranken', 'dr stansfield', 'old kransberg', 'mynheer kransberg', 'captain sparrow', 'captain deedes', 'van ryk', 'mr prestcott', 'vander heyden', 'pieter maritzburg', 'henryk vander heyden', 'frank moritz', 'free state', 'sergeant long', 'mr bilderjik', 'mr mansen', 'john bull', 'mynheer moritz', 'martini henrys', 'lord chelmsford', 'sir george', 'mr uys', 'king chaka', 'lieutenant bromhead', 'reginald margetts', 'lieutenant evetts', 'redgy margetts', 'ludwig mansen', 'rudolf kransberg', 'major marter', 'sir garnet wolseley', 'mr hardy', 'sir george colley', 'sergeant thorpe']",19,"['dykeman', 'agnes', 'boer', 'wilhelmine', 'garnett', 'thyrza', 'clara', 'lisa', 'annchen', 'panda', 'utango', 'madeira', 'koboo', 'mrs stansfield', 'mrs mansen', 'mrs bilderjik', 'langley cargill', 'miss vander heyden', 'zulu queen']",19,"['standerton', 'ginghilovo', 'umvalosa', 'bechuana', 'cookesley', 'umtongo', 'luneberg', 'hottentot', 'helpmakaar', 'kaffirs', 'basutos', 'umbelini', 'middelburgh', 'usumanzi', 'bechuanas', 'matamo', 'lisberg', 'buonaparte', 'andrewes']",male
m\1887_collingwood-the-rovers-secret-a-tale-of-the-pirate-cays-and-lagoons-of-cuba,52,"['rogers', 'cartagena', 'woodford', 'boyne', 'manuel', 'ben', 'douglas', 'tim', 'foam', 'dolphins', 'collins', 'juan', 'francisco', 'sykes', 'leo', 'farmer', 'albuquerque', 'frenchman', 'dolphin', 'drake', 'miguel', 'david', 'fidd', 'sanderson', 'dauphin', 'pedro', 'kingston', 'jones', 'hillo', 'pompey', 'lionel', 'dios', 'guzman', 'ned', 'giuseppe', 'mars', 'carera', 'giuseppe merlani', 'captain pigot', 'don luis', 'mr oflaherty', 'senor lascelles', 'captain calderon', 'mr pottle', 'don felix', 'cape san', 'saint domingo', 'senor pacheco', 'mr southcott', 'muster lascelles', 'cape tiburon', 'mr reid']",18,"['mermaid', 'pinta', 'bianca', 'bisaccia', 'dido', 'penelope', 'paix', 'hermione', 'jane', 'mary', 'cape maysi', 'la guayra', 'cape irois', 'jean rabel', 'mrs wilson', 'eugenia gonzalez', 'dona inez', 'barcos channel']",5,"['palisades', 'marchmont', 'guajaba', 'fanshawe', 'tompion']",male
m\1887_fenn-the-bag-of-diamonds,13,"['rogers', 'mark', 'harry', 'mr heath', 'doctor chartley', 'richmond chartley', 'mr poynter', 'hendon chartley', 'doctor maurice', 'dr chartley', 'john whyley', 'mark heath', 'james poynter']",11,"['janet', 'elizabeth', 'liz', 'jenny', 'miss chartley', 'miss rich', 'poor bob', 'mrs billson', 'miss richmond', 'elizabeth gundry', 'miss heath']",1,['ramillies'],male
m\1887_reed-the-master-of-the-shell,38,"['arthur', 'clip', 'simson', 'ranger', 'mills', 'froggy', 'shakespeare', 'mark', 'hymen', 'munger', 'jason', 'mercury', 'bateson', 'blazer', 'frenchman', 'marky', 'smythe', 'roman', 'wake', 'dig', 'smiley', 'mr smedley', 'william tomkins', 'mr moss', 'mr branscombe', 'sir william', 'mr bickers', 'roaring tommy', 'mr roe', 'sir digby', 'digby oakshott', 'mark railsford', 'jerry sneak', 'mr grover', 'field club', 'marky mr railsford', 'john smith', 'arthur herapath']",20,"['smileys', 'babies', 'jukes', 'livy', 'maple', 'daisy', 'ainger', 'pony', 'lucerne', 'easter', 'miss omlett', 'mrs hastings', 'cherry ripe', 'miss daisy herapath', 'mrs herapath', 'mrs farthing', 'mrs branscombe', 'dulce domum', 'miss violet', 'poor railsford']",20,"['barnworth', 'catterwaul', 'punch', 'adsum', 'sherriff', 'sykes', 'punter', 'dimsdale', 'wellham', 'chuckey', 'felgate', 'wignet', 'monsieur lablache', 'meester railsford', 'meester beekaire', 'farmer white', 'swift exhibition', 'dr ponsford', 'abednego jinks', 'doctor ponsford']",male
m\1888_henty-sturdy-and-strong,32,"['jabez', 'williams', 'peter', 'joe', 'frenchman', 'george', 'bill', 'kitson', 'shadow', 'danes', 'ned', 'dick', 'harry', 'alert', 'john', 'black jack', 'mr grimstone', 'dick tremaine', 'harry langley', 'bill atkins', 'sir hyde', 'captain ball', 'mr andrews', 'sea reach', 'mr jones', 'peter langley', 'george andrews', 'mr francis', 'bill smith', 'mr penrose', 'william smith', 'bob grimstone']",10,"['sarah', 'nelly', 'jane', 'lucy', 'mary', 'nellie', 'nina', 'miss penrose', 'nelly penrose', 'jane langley']",6,"['scillys', 'hayling', 'clerkenwell', 'spithead', 'viper', 'laburnum villas']",male
m\1888_in-the-reign-of-terror,19,"['henri', 'danton', 'edouard', 'frenchman', 'jules', 'jacques', 'victor', 'pierre', 'jacobin', 'dijon', 'andre', 'ernest', 'ville', 'adolphe', 'harry', 'de gisons', 'cheyne walk', 'mon dieu', 'andre leboeuf']",20,"['elise', 'henriette', 'louise', 'martha', 'marthe', 'virginie', 'carrier', 'tillet', 'julie', 'jenny', 'monsieur lebat', 'mademoiselle jeanne', 'louise moulin', 'la mere pichon', 'mere pichon', 'la force', 'mademoiselle marie', 'vive marat', 'citizen lebat', 'marthe pichon']",17,"['marseilles', 'auguste', 'bicetre', 'paris', 'tuileries', 'roederer', 'marquis', 'nantes', 'jacobins', 'fontainebleau', 'marseillais', 'carrousel', 'jacquerie', 'girondists', 'madame moulin', 'monsieur robespierre', 'monsieur sandwith']",male
m\1888_lang-the-gold-of-fairnilee,2,"['randal', 'roman']",1,['jean'],1,['fairnilee'],male
m\1888_macdonald-a-rough-shaking,25,"['memnon', 'christian', 'jonathan', 'nimrod', 'james', 'lewin', 'noah', 'dante', 'jack', 'gus', 'simpson', 'harry', 'glum', 'tommy', 'john', 'augustus marway', 'mr porson', 'glum gunn', 'mr shotover', 'mr gowrie', 'mr ball', 'mr skymer', 'mr goodenough', 'mr maidstone', 'mr woolrige']",11,"['maly', 'sarah', 'abby', 'clara', 'mary', 'ann', 'clare', 'miss tempest', 'miss shotover', 'clare skymer', 'clare porson']",9,"['nursie', 'pummy', 'abdiel', 'scotchman', 'tadpole', 'graffiacane', 'moloch', 'jew', 'farmer goodenough']",male
m\1888_wilde-the-happy-prince-and-other-tales,6,"['hail', 'hans', 'reed', 'roman candle', 'selfish giant', 'gold stick']",3,"['page', 'romance', 'catherine wheel']",4,"['death', 'goose', 'chamberlain', 'nightingale']",male
m\1889_fenn-three-boys,19,"['tavish', 'maxy', 'bruce', 'scotch', 'dirk', 'shonny', 'grant', 'walter scott', 'master ken', 'maister kenneth', 'long shon', 'master crant', 'maister ken', 'dooncan graeme', 'old donald', 'maister max', 'russell square', 'kenneth mackhai', 'donald dhu']",9,"['tonal', 'tam', 'tav', 'hah', 'shanter', 'ta mackhai', 'ta scoodrach', 'ta chief', 'ta southron']",15,"['tavvy', 'tonald', 'tawy', 'scoody', 'lonton', 'sneeshing', 'dunroe', 'scoodie', 'cockneys', 'macbrayne', 'hush', 'mackalps', 'scood', 'curzon', 'maister crant']",male
m\1889_lang-prince-prigio,9,"['roman', 'enrico', 'thomas', 'william', 'frank', 'prince hussein', 'prince prigio', 'lord kelso', 'prince alphonso']",6,"['linda', 'molly', 'cinderella', 'lady kathleena', 'lady molinda', 'lady rosalind']",9,"['burgundy', 'falkenstein', 'firedrake', 'pantouflia', 'firedrakes', 'remora', 'gluckstein', 'kellner', 'colonel mcdougal']",male
m\1889_reed-sir-ludar,70,"['dublin', 'scotch', 'dutchman', 'glyns', 'tyburn', 'hugh', 'tritons', 'misericorde', 'tyrone', 'jesuit', 'babington', 'prosper', 'gravelines', 'ark', 'brentford', 'ushant', 'frenchman', 'englishmen', 'armada', 'hercules', 'thames', 'alexander', 'timothy', 'henley', 'orpheus', 'scots', 'welshman', 'kingston', 'pope', 'senor', 'hillo', 'parnassus', 'laker', 'hush', 'sir ludar', 'master dexter', 'will peake', 'sir william', 'her majesty', 'timothy ryder', 'sir don', 'master robert walgrave', 'jack gedge', 'master barker', 'sir william carleton', 'sir captain', 'master winter', 'peter stoupe', 'turlogh luinech oneill', 'alexander mcdonnell', 'captain desmond', 'master udal', 'sorley boy', 'humphrey dexter', 'don alonzo', 'sorley boy mcdonnell', 'sir knight', 'tom price', 'master penry', 'master walgrave', 'lord mayor', 'sir john perrott', 'captain merriman', 'master humphrey', 'master peter', 'fleet ditch', 'sir poet', 'sir john', 'john wolfe', 'lord deputy']",20,"['rata', 'benmore', 'jeannette', 'sassenach', 'aphrodite', 'grace', 'ramore', 'elizabeth', 'bann', 'judy', 'rose oneill', 'queen mary', 'ludar mcsorley mcdonnell', 'ludar mcsomhairle buidhe mcdonnell', 'taise taobhgheal', 'mistress walgrave', 'whereupon ludar', 'lady cantire', 'temple bar', 'ludar mcdonnell']",13,"['spaniards', 'raughlin', 'castleroe', 'glenshesk', 'bonandonnye', 'turlogh', 'moulsey', 'killybegs', 'dunluce', 'londonwards', 'knocklayd', 'smithfield', 'finsbury fields']",male
m\1890_ballantyne-the-eagle-cliff,34,"['giles', 'pershad', 'eddie', 'doan', 'nimrod', 'donald', 'shames', 'roderick', 'saviour', 'duncan', 'james', 'bob', 'archie', 'mac', 'blackie', 'junkie', 'dick', 'ramjee', 'allan', 'chand', 'john', 'bob mabberly', 'loch lossie', 'james mcgregor', 'mr jackman', 'robin tips', 'mr gordon', 'john barret', 'giles jackman', 'chand moorut', 'raj mungul', 'captain mcpherson', 'old salt', 'allan gordon']",21,"['hindoo', 'molly', 'mowla', 'tonal', 'musha', 'flo', 'maggie', 'aggy', 'joan', 'mowla buksh', 'eagle cliff', 'milly moss', 'mrs donaldson', 'cousin milly', 'cuzn miwy', 'pat quin', 'eagle point', 'mrs anderson', 'miss moss', 'aggy anderson', 'mrs gordon']",6,"['kinlossie', 'bulrampore', 'drumquaich', 'tonalson', 'macrummle', 'rodereek']",male
m\1891_reed-roger-ingleton-minor,41,"['dr', 'hamlet', 'maxfield', 'yeld', 'ceylon', 'hodder', 'signor', 'compton', 'schumann', 'squire', 'bishop', 'tommy', 'tom', 'cyclops', 'gustav', 'frenchman', 'teddy', 'raffles', 'amsterdam', 'parker', 'boulogne', 'tom oliphant', 'captain oliphant', 'mr pottinger', 'mr armstrong', 'roger ingleton', 'monsieur callow', 'monsieur rosencrantz', 'deputy assistant', 'maxfield manor', 'mr fastnet', 'paul ingleton', 'frank armstrong', 'captain edward oliphant', 'robert ratman', 'jack rogers', 'dr brandram', 'squire ingleton', 'cousin edward', 'master roger', 'monsieur callot']",19,"['christy', 'oriana', 'robbins', 'catherine', 'ruth', 'jilly', 'mademoiselle', 'ratty', 'francoise', 'madame', 'providence', 'miss oliphant', 'miss rosalind oliphant', 'mrs ingleton', 'miss marigold', 'auntie eva', 'miss jill', 'miss isabel', 'miss rosalind']",2,"['polonius', 'pantalzar']",male
m\1893_reed-the-cock-house-at-fellsgarth,42,"['brinkman', 'ridgway', 'geo', 'balbus', 'corder', 'classics', 'fullerton', 'cot', 'dalton', 'modern', 'wilson', 'wilcox', 'virgil', 'joey', 'clapperton', 'ranger', 'alf', 'robert', 'bob', 'd', 'alfred', 'calder', 'cicero', 'classic', 'underwood', 'moderns', 'gamble', 'tommy', 'blackstone', 'master fisher', 'mr forder', 'master ashby', 'percy wheatfield', 'master percy', 'whereupon rix', 'wally wheatfield', 'cecil yorke', 'whereupon fisher', 'whereupon percy', 'whereupon wally', 'dr ringwood', 'master rollitt']",9,"['dangle', 'cottle', 'ramshaw', 'darcy', 'farmer gay', 'widow wisdom', 'my john', 'mrs stratton', 'mrs wisdom']",7,"['penchurch', 'fellsgarth', 'wakefields', 'shargle', 'abernethys', 'hawkswater', 'whereupon ashby']",male
m\1893_stevenson-catriona,59,"['dean', 'ou', 'gae', 'dutchman', 'neil', 'macgregor', 'tod', 'alpin', 'alan', 'james', 'robin', 'argyle', 'anster', 'tom', 'gillane', 'picardy', 'hout', 'whigs', 'appin', 'hebrew', 'bass', 'duncan', 'alban', 'rotterdam', 'firth', 'alexander', 'cluny', 'scots', 'doig', 'dunkirk', 'dauvit balfour', 'charles stewart', 'alan breck', 'mr david balfour', 'sheriff miller', 'mr simon', 'james more', 'james stewart', 'mungo campbell', 'captain palliser', 'mr campbell', 'lord advocate', 'prince charlie', 'sim fraser', 'tod lapraik', 'david balfour', 'captain sang', 'mr davie', 'lord justice clerk', 'james drummond', 'charlie stewart', 'mr david', 'berwick law', 'king george', 'mr gebbie', 'simon fraser', 'grey eyes', 'mr drummond', 'leith walk']",24,"['tam', 'lovat', 'catrine', 'sandie', 'catriona', 'peden', 'fidra', 'shaws', 'annie', 'andie', 'katrine', 'ness', 'bazin', 'providence', 'tam dale', 'lady grange', 'alison hastie', 'miss drummond', 'sandie sprott', 'tam stobo', 'andie dale', 'miss barbara', 'miss grant', 'barbara grant']",25,"['whig', 'pilrig', 'hielantman', 'essendean', 'lovats', 'heineccius', 'balwhither', 'dirleton', 'colstoun', 'rankeillor', 'glengyle', 'gregara', 'bohaldie', 'limekilns', 'drummossie', 'duncansby', 'glenure', 'silvermills', 'helvoet', 'balwhidder', 'hoseason', 'palfour', 'allardyce', 'prestongrange', 'scougal']",male
m\1894_collingwood-the-cruise-of-the-esmeralda,32,"['erard', 'rogers', 'dennis', 'richards', 'pacific', 'joe', 'george', 'swede', 'cooper', 'oconnor', 'roberts', 'barr', 'bill', 'hugh', 'jack', 'valparaiso', 'richard', 'bill longman', 'richard saint leger', 'saint leger', 'george moore', 'captain thomson', 'san francisco', 'saint legers', 'san domingo', 'misther forbes', 'captain baker', 'sir edgar desmond', 'joe martin', 'sir edgar', 'captain saint leger', 'captain clarke']",8,"['christianssen', 'agnes', 'esmeralda', 'nellie', 'lady emily', 'golden gate', 'lady desmond', 'miss merrivale']",0,[],male
m\1894_kipling-the-jungle-book,31,"['kotick', 'amir', 'teddy', 'darzee', 'rikk', 'kerick', 'shiv', 'mowgli', 'matkah', 'baloo', 'billy', 'tabaqui', 'bandar', 'dick', 'mang', 'brumby', 'sea catch', 'little brother', 'master words', 'wolf pack', 'sea vitch', 'jungle law', 'black panther', 'sea cow', 'big toomai', 'black toomai', 'black snake', 'petersen sahib', 'kerick booterin', 'gray brother', 'father wolf']",21,"['nagaina', 'kaa', 'bagheera', 'rann', 'rama', 'mao', 'messua', 'nathoo', 'chua', 'rikki', 'hathi', 'vixen', 'akela', 'mother wolf', 'little toomai', 'kala nag', 'machua appa', 'poison people', 'shere khan', 'lone wolf', 'bonnie dundee']",13,"['limmershin', 'zaharrof', 'seeonee', 'karait', 'patalamon', 'lungri', 'pudmini', 'chuchundra', 'cawnpore', 'keddahs', 'burgomaster', 'buldeo', 'sambhur']",male
m\1894_reed-a-dog-with-a-bad-name,47,"['euston', 'ranger', 'raby', 'tim', 'benjamin', 'mason', 'appleby', 'cad', 'kandahar', 'frampton', 'walker', 'caesar', 'jeff', 'john', 'phipps', 'jonah', 'freddy', 'homer', 'timothy', 'driver', 'jeffrey', 'teddy', 'eton', 'bacon', 'paddington', 'lord waterfield', 'jonah trimble', 'uncle rimbolt', 'cad jeffreys', 'captain forrester', 'james ii', 'percy rimbolt', 'mr julius', 'gerard forrester', 'ash cottage', 'mr freshfield', 'black sal', 'major atherton', 'master percy', 'storr alley', 'farmer rosher', 'wild pike', 'mr halgrove', 'boat race', 'mr wilkins', 'mr fison', 'john jeffreys']",14,"['kennedy', 'farrar', 'polly', 'annie', 'louisa', 'mary', 'mrs jessop', 'mrs wilcox', 'mrs trimble', 'miss atherton', 'mother partridge', 'mrs pratt', 'mrs rimbolt', 'mrs scarfe']",7,"['sharpenholme', 'overstone', 'wellmere', 'farfield', 'wildtree', 'grangerham', 'pridger']",male
m\1894_reed-tom-dick-and-harry,32,"['tike', 'sal', 'roman', 'graham', 'faulkner', 'jarman', 'dux', 'trim', 'thomas', 'jimmy', 'hector', 'evans', 'sharpe', 'parkin', 'quin', 'cicero', 'muskett', 'hush', 'dangerfield', 'whew', 'dick', 'caesar', 'dicky', 'tommy', 'walsh', 'tom', 'dangerfield college', 'master trimble', 'thomas jones', 'captain rymer', 'dicky brown', 'dr plummer']",17,"['sarah', 'annie', 'gladys', 'tempest', 'lang', 'firefly', 'purkis', 'mrs smiley', 'miss bousfield', 'mrs redwood', 'low heathen', 'mrs jones', 'miss steele', 'miss gwen', 'miss mamie', 'low heathens', 'low heath']",10,"['rammage', 'coxhead', 'fallowfield', 'jorrocks', 'crofter', 'rackstraw', 'pridgin', 'langrish', 'philosophers', 'selkirker']",male
m\1895_collingwood-the-pirate-slaver-a-story-of-the-west-african-coast,29,"['ryan', 'krumen', 'pedro', 'wasp', 'armstrong', 'william', 'freddy', 'jerry', 'roberts', 'bartlett', 'jack', 'atlantic', 'jose', 'bates', 'matadi', 'harry', 'simpson', 'senor dugdale', 'great britain', 'captain mendouca', 'cape palmas', 'senor mendouca', 'joe maxwell', 'chango creek', 'shark point', 'senor lobo', 'captain stopford', 'don fernando', 'freddy pierrepoint']",9,"['francesca', 'anegada', 'mouette', 'somers', 'havana', 'felicidad', 'banana point', 'banana creek', 'banana peninsula']",3,"['ogowe', 'barracouta', 'boolambemba point']",male
m\1895_kipling-the-second-jungle-book,43,"['hai', 'benares', 'kabir', 'delhi', 'mowgli', 'gond', 'calcutta', 'jackal', 'karela', 'mor', 'purun', 'gonds', 'mang', 'gunga', 'outlier', 'brahmin', 'dekkan', 'flathead', 'lair', 'gavial', 'baloo', 'kill', 'bhai', 'chil', 'mugger', 'warden', 'ferao', 'jungle', 'free people', 'jungle people', 'big foot', 'red dog', 'white cobra', 'sir purun dass', 'mugger ghaut', 'jungle law', 'purun bhagat', 'gray brother', 'father wolf', 'little brother', 'black panther', 'purun dass', 'gray ape']",30,"['fate', 'sedna', 'kali', 'kaa', 'hindu', 'jacala', 'phao', 'arrah', 'hathi', 'rains', 'akela', 'bagheera', 'raksha', 'hindus', 'messua', 'nathoo', 'martini', 'thuu', 'manling', 'tha', 'chikai', 'mysa', 'sona', 'mother wolf', 'little foot', 'lancaster sound', 'shere khan', 'lone wolf', 'little hunter', 'little frog']",12,"['sunnyasi', 'buldeo', 'amoraq', 'kadlu', 'monghyr', 'khanhiwara', 'kotuko', 'phaona', 'seeonee', 'bhurtpore', 'quiquern', 'seeonee pack']",male
m\1895_reed-kilgorman-a-story-of-ireland-in-1798,73,"['dublin', 'kestrel', 'dutchman', 'plon', 'brest', 'flanagan', 'tim', 'havre', 'talbot', 'bantry', 'benoit', 'robespierre', 'texel', 'foyle', 'maurice', 'mike', 'con', 'donegal', 'martin', 'galway', 'paris', 'frenchman', 'terence', 'regnier', 'tuileries', 'fahan', 'duncan', 'sillery', 'gnat', 'paddy', 'rotterdam', 'loman', 'thames', 'quai', 'larry', 'arrow', 'chanson', 'malin', 'pitt', 'sligo', 'baskerville', 'adrian', 'morlaix', 'delft', 'sir ludar', 'mr gamble', 'captain swift', 'jake finn', 'derry jail', 'captain keogh', 'tim gallagher', 'lord edward', 'depute duport', 'sir charles reed', 'saint patrick', 'maurice gorman', 'terence gorman', 'captain felton', 'citoyen duport', 'joe callan', 'captain cochin', 'mike gallagher', 'larry dugan', 'talbot reed', 'paddy corkill', 'citizen picquot', 'john cassidy', 'captain lestrange', 'lough swilly', 'mr blades', 'quai necker', 'citoyen lestrange', 'barry gallagher']",25,"['fanad', 'norah', 'tara', 'bailly', 'biddy', 'zebra', 'belin', 'rue', 'cigale', 'vive', 'diana', 'juno', 'miss kit', 'kerry keel', 'madame duport', 'sheep haven', 'lady reed', 'alice gorman', 'madame lestrange', 'wolfe tone', 'biddy mcquilkin', 'mrs shannon', 'citizen cazin', 'miss gorman', 'mary gallagher']",9,"['girondists', 'dunree', 'knockowen', 'whereat', 'scheldt', 'kilgorman', 'rathmullan', 'howld', 'leaguers']",male
m\1896_collingswood-the-log-of-privateersman,41,"['danton', 'cartagena', 'sal', 'dumaresq', 'tigre', 'kingston', 'frenchman', 'george', 'dolphin', 'frenchmen', 'pierre', 'corvo', 'ollivier', 'cuffee', 'hobbs', 'rene', 'hoard', 'gaspar', 'saunders', 'cape', 'morlaix', 'mason', 'evans', 'panza', 'capn bowen', 'tom hardy', 'peter white', 'great britain', 'captain winter', 'long tom', 'mr lovell', 'captain chesney', 'monsieur renouf', 'captain henri renouf', 'julius caesar mark anthony brown', 'cayo grande', 'lord nelson', 'mr priest', 'saint malo', 'monsieur villeneuve', 'captain renouf']",17,"['dora', 'magdalena', 'calypso', 'manilla', 'musette', 'nord', 'roccas', 'cadiz', 'jean bart', 'santa theresa', 'mammy williamson', 'aunt sophie', 'point gallinas', 'belle jeannette', 'nostra senora', 'tierra bomba', 'hope square']",6,"['abervrach', 'albornos', 'hurrah', 'teneriffe', 'comben', 'hoogly']",male
m\1897_kipling-captains-courageous-a-story-of-the-grand-banks,54,"['scotch', 'harve', 'harvey', 'manuel', 'danny', 'olley', 'georges', 'marblehead', 'quebec', 'burgess', 'jason', 'jim', 'aeneid', 'tom', 'qui', 'banker', 'galway', 'frenchman', 'josephus', 'jonah', 'baptist', 'albany', 'miquelon', 'atlantic', 'haskins', 'milsom', 'dan', 'eldridge', 'pedro', 'dutchy', 'jonahs', 'disko', 'barnes', 'johns', 'gaelic', 'otto', 'jim bourke', 'cape breton', 'disko troop', 'tom platt', 'dan troop', 'harvey cheyne', 'nick bra', 'joseph welsh', 'jacob boiler', 'long jack', 'noo york', 'uncle abishai', 'boston light', 'skipper ireson', 'ben ireson', 'uncle salters', 'parry norman', 'mr salters']",23,"['pshaw', 'topeka', 'marilla', 'virgin', 'beverly', 'barstow', 'philadelphian', 'constance', 'novy', 'carrie', 'hattie', 'madeira', 'hasken', 'providence', 'cape clear', 'eastern point', 'noo bedford', 'lucy holmes', 'le have', 'pennsylvania pratt', 'carrie pitman', 'miss kinzey', 'santa fe']",5,"['wouverman', 'skibbereen', 'airheart', 'counahan', 'johnstown']",male
m\1898_collingwood-a-pirate-of-the-caribbees,25,"['euterpe', 'moses', 'garcia', 'wyvern', 'kingston', 'dunn', 'dominguez', 'tern', 'guerrilla', 'francois', 'luis', 'cariacou', 'jack', 'miguel', 'caesar', 'charpentier', 'captain harrison', 'cape mayzi', 'pedro morillo', 'black peter', 'plum point', 'saint thomas', 'don pedro morillo', 'captain lemaitre', 'captain tucker']",14,"['keene', 'robbins', 'christie', 'diane', 'jeannette', 'la', 'lindsay', 'hennesey', 'althea', 'dolores', 'chloe', 'coquette', 'morant point', 'la guayra']",3,"['terns', 'spaniards', 'barbadoes']",male
m\1898_farrow-the-wallypug-in-london,3,"['dick', 'zum', 'boy']",1,['girlie'],1,['wallypug'],male
m\1899_collingwood-the-castaways,20,"['pacific', 'chips', 'frenchman', 'dutchman', 'charlie', 'sam', 'ogorman', 'jack', 'jove', 'cockney', 'mike', 'frinch', 'harry', 'dirk', 'tom', 'mr murgatroyd', 'misther conyers', 'john withicombe', 'charles conyers', 'captain dacre']",7,"['florence', 'ariadne', 'oi', 'oill', 'lady obrien', 'miss onslow', 'marie renaud']",2,"['cawnpore', 'scudamore']",male
m\1899_kipling-stalky-and-co,82,"['khye', 'richards', 'manders', 'campbell', 'macrea', 'ansell', 'mcturk', 'crandall', 'shakespeare', 'randall', 'cicero', 'lazar', 'willy', 'dawson', 'swayne', 'pushtu', 'collinson', 'eric', 'oke', 'snider', 'sam', 'aladdin', 'setebos', 'jove', 'dick', 'afridis', 'hogan', 'rutton', 'harrison', 'foxy', 'celt', 'excellency', 'beetle', 'duncan', 'mac', 'everett', 'ruskin', 'orrin', 'padre', 'slave', 'pathan', 'carson', 'macnamara', 'burton', 'gummy', 'navy', 'venner', 'cokey', 'seffy', 'horace', 'shylock', 'emperor', 'upper third', 'prooshan bates', 'rutton singh', 'mr prout', 'swillingford patriot', 'mr mason', 'mr king', 'raymond martin', 'mr raymond', 'tenth legion', 'number twelve', 'khye kheens', 'bates sahib', 'master gigadibs', 'anglo saxon', 'lower second', 'muster corkran', 'troop sergeant major', 'padre sahib', 'koran sahib', 'mr hartopp', 'rabbits eggs', 'master rattray', 'number five', 'dick four', 'von lennaert', 'uncle stalky', 'mr corkran', 'fort pearson', 'khye kheen']",21,"['artie', 'clewer', 'patsy', 'tulke', 'heffy', 'dook', 'keyte', 'gillett', 'lena', 'craye', 'naick', 'head', 'simla', 'aves', 'dabney', 'mary', 'fatty', 'mother yeo', 'fat sow', 'head sahib', 'mary yeo']",14,"['muscovite', 'sikhs', 'umballa', 'perowne', 'maclagan', 'hakluyt', 'foxibus', 'pebbleridge', 'gumbly', 'hoofer', 'naughten', 'stettson', 'jullunder', 'abanazar']",male
m\1900_farrow-the-jungle-baby,2,"['tiv', 'wooff wooff']",3,"['poon', 'bab', 'hoodo']",0,[],male
m\1900_hemyng-jack-harkaway-and-his-sons-escape-from-the-brigands-of-greece,50,"['lirico', 'barclay', 'joe', 'nero', 'jocko', 'harry', 'mathias', 'sam', 'toro', 'snowball', 'simon', 'dick', 'mike', 'sebastian', 'tomaso', 'barthes', 'harpy', 'hercules', 'geoffrey', 'fleon', 'pedro', 'george', 'boulgaris', 'constantino', 'westward ho', 'englishman harkaway', 'mr mole', 'mr pike', 'harry girdwood', 'joe basalt', 'sam mason', 'master hunston', 'billy longbow', 'doctor anderson', 'mr nabley', 'master jack', 'robert emmerson', 'mr jack harkaway', 'geoffrey martin', 'jack tiller', 'mr harvey', 'jack harkaway', 'dick harvey', 'magog brand', 'julius caesar', 'mr jefferson', 'monsieur harkaway', 'old jack', 'protean bob', 'young jack']",14,"['lethe', 'lerna', 'theodora', 'marietta', 'diana', 'emily', 'mariana', 'dougherty', 'chloe', 'poor mole', 'massa jack', 'contessa maraviglia', 'massa ikey', 'poor pike']",1,['ymeniz'],male
m\1906_collingwood-across-the-spanish-main-a-tale-of-the-sea-in-the-days-of-queen-bess,28,"['mejico', 'martin', 'sotomayor', 'tiger', 'philip', 'jake', 'dons', 'gomez', 'mathews', 'tarik', 'jose', 'alvarez', 'tunis', 'cary', 'harry', 'mundo', 'san juan', 'lonely inlet', 'jake irwin', 'william evans', 'roger roger', 'walter bevan', 'captain cavendish', 'de soto', 'pentillie manor', 'jose leirya', 'master trevose', 'stag royal']",12,"['elizabeth', 'tamar', 'ai', 'mary', 'gloria', 'maria dolorosa', 'la guayra', 'mary edgwyth', 'black pearl', 'sutton pool', 'el capitan', 'vera cruz']",2,"['corsarios', 'spaniards']",male
m\1907_collingwood-with-airship-and-submarine-a-tale-of-adventure,22,"['peter', 'makolo', 'paul', 'petrovich', 'george', 'boris', 'ophir', 'humber', 'devonshire', 'squire', 'barker', 'count vasilovich', 'great britain', 'ludwig gadd', 'captain popovski', 'saint petersburg', 'colonel lethbridge', 'von schalckenberg', 'captain mildmay', 'sir reginald elphinstone', 'great spirit', 'sir reginald']",6,"['m', 'baroda', 'mlle', 'africa', 'lady olivia', 'lady elphinstone']",9,"['feodorovna', 'pargolovo', 'mbongwele', 'lualamba', 'siswani', 'sakhalien', 'lobelalatutu', 'seketulo', 'feodorovna sziszkinski']",male
m\1908_collingwood-a-middy-in-command-a-tale-of-the-slave-squadron,38,"['martin', 'freeman', 'mowbray', 'burgess', 'kingston', 'jones', 'sinclair', 'juan', 'thompson', 'morgan', 'shark', 'tonkin', 'carter', 'fonseca', 'dominique', 'jose', 'higgins', 'pringle', 'dick', 'mike', 'briggs', 'simpson', 'fawcett', 'mr seaton', 'false gap', 'saint vincent', 'master jack', 'long tom', 'captain williams', 'mistah grenvile', 'san domingo', 'captain ricardo', 'captain bentinck', 'sir thomas', 'sir timothy tompion', 'senor grenvile', 'sir timothy', 'captain matthews']",16,"['taylor', 'keene', 'francesca', 'hales', 'mammy', 'dolores', 'patsy', 'morant point', 'mrs todd', 'lady tompion', 'lady mary', 'senorita lotta', 'miss duncan', 'mrs morton', 'dona inez', 'mrs jenkins']",3,"['grenadines', 'beardmore', 'barracouta']",male
m\1908_collingwood-under-the-chilian-flag-a-tale-of-war-between-chili-and-peru,57,"['chili', 'rodriguez', 'manuel', 'ohiggins', 'lopes', 'armstrongs', 'chilian', 'union', 'thompson', 'sorata', 'jim', 'fuego', 'jose', 'pericles', 'huemul', 'loa', 'excellency', 'abtao', 'terry', 'blanco', 'angamos', 'mejillones', 'antofagasta', 'cuzco', 'juarez', 'carlos', 'manco', 'carrajo', 'huascar', 'aranjuez', 'valparaiso', 'dahlgren', 'macmahon', 'carbajal', 'atahualpa', 'moore', 'captain latorre', 'captain condell', 'manco capac', 'jorge montt', 'arturo prat', 'terry o', 'senor douglas', 'terry omeara', 'blanco encalada', 'mathias cousino', 'jim douglas', 'carlos condell', 'senor englishman', 'almirante cochrane', 'captain fisher', 'rebolledo williams', 'lieutenant alcerrerez', 'captain simpson', 'captain villavicencio', 'captain castello', 'captain garcia']",19,"['merced', 'oroya', 'guacolda', 'arica', 'limena', 'riveros', 'maranon', 'lima', 'esmeralda', 'mayo', 'goni', 'callao', 'rimac', 'covadonga', 'mama', 'santa rosa', 'mama huello', 'santa catharina', 'la paz']",8,"['hereschoff', 'pierola', 'chilians', 'pilcomayo', 'chacabuco', 'nordenfeldts', 'janequeo', 'magellanes']",male
m\1909_collingwood-harry-escombe-a-tale-of-adventure-in-peru,23,"['cerro', 'pasco', 'senor', 'manco', 'creator', 'pizarro', 'bannister', 'yupanqui', 'jose', 'firmin', 'cuzco', 'munro', 'harry', 'universe', 'sir philip', 'sir philip swinburne', 'harry escombe', 'lord umu', 'manco capac', 'huayna capac', 'senor ingles', 'philip swinburne', 'mr butler']",14,"['lima', 'andes', 'rimac', 'maia', 'otoole', 'sydenham', 'joan', 'lucy', 'arima', 'mama', 'santa rosa', 'villac vmu', 'mama oello huaco', 'mama cachama']",12,"['pachacamac', 'caxamalca', 'ayacucho', 'mollendo', 'huatama', 'quichua', 'tiahuana', 'xaxaguana', 'huanacocha', 'motahuana', 'titucocha', 'atahuallpa']",male
m\1909_collingwood-the-cruise-of-the-thetis-a-tale-of-the-cuban-insurrection,67,"['tiburon', 'guantanamo', 'mackintosh', 'lome', 'phil', 'grande', 'sagua', 'panza', 'juan', 'rio', 'james', 'gomez', 'jove', 'oxley', 'murdock', 'albuquerque', 'cecil', 'villacampa', 'santiago', 'englishmen', 'blanco', 'dulwich', 'padre', 'rius', 'carlos', 'pedro', 'pater', 'macintyre', 'jacob', 'cortes', 'don luis', 'senor calderon', 'captain milsom', 'don ramon', 'senor montijo', 'don ramon bergera', 'senor marti', 'don sebastian alvaros', 'master jack', 'senor singleton', 'major alvaros', 'senor alvaros', 'senor fernandez', 'don hermoso montijo', 'senor teniente', 'hicacal cay', 'cuba libre', 'capitan general', 'monsieur robeenson', 'antonio maceo', 'don hermoso', 'piedras point', 'captain alvaros', 'christopher columbus', 'captain morillo', 'cape san antonio', 'key west', 'jack singleton', 'mr perkins', 'capitan milsom', 'great britain', 'sebastian alvaros', 'carlos montijo', 'cape corrientes', 'mr singleton', 'fernando po', 'jorge carnero']",19,"['senora', 'thetis', 'pinar', 'senorita', 'albareda', 'maranon', 'libertad', 'nisbett', 'calonna', 'lalage', 'havana', 'maravillas', 'cape frances', 'dona isolda', 'senorita isolda', 'mama faquita', 'senora montijo', 'nicolan weyler', 'la jacoba']",3,"['fantee', 'organos', 'bejucal']",male
m\1910_collingwood-a-middy-of-the-slave-squadron-a-west-african-story,47,"['rodriguez', 'sacre', 'eboe', 'sombrero', 'tasker', 'nugent', 'thoreau', 'collins', 'silas', 'dixon', 'dick', 'murdoch', 'tommy', 'eros', 'tompson', 'frenchman', 'hutchinson', 'dolphin', 'jack', 'parkinson', 'gadfly', 'krooboy', 'waal', 'marcel', 'cupid', 'stripes', 'mr marline', 'slave squadron', 'monsieur englishman', 'mr purchase', 'king olomba', 'cape palmas', 'captain harrison', 'fernan vaz', 'monsieur fortescue', 'mr fortescue', 'captain tourville', 'captain perry', 'jack keene', 'mr futtock', 'monsieur leroy', 'don miguel', 'king banda', 'senor morillo', 'monsieur favart', 'mr hoskins', 'captain lenoir']",10,"['kwara', 'ama', 'mafuta', 'psyche', 'preciosa', 'havana', 'el caiman', 'la belle estelle', 'la mouette', 'dona isabella']",7,"['spaniards', 'pyramus', 'mpandala', 'britisher', 'copplestone', 'gouroo', 'barbadoes']",male
m\1910_kipling-rewards-and-fairies,127,"['napoleon', 'college', 'frenchy', 'pharaoh', 'kingdoms', 'buyer', 'harold', 'weald', 'mills', 'frankie', 'hugh', 'boy', 'vicomte', 'babylon', 'gods', 'seneca', 'dallington', 'harry', 'meon', 'talleyrand', 'ralph', 'assaye', 'toby', 'hal', 'nigel', 'gap', 'beast', 'wuff', 'dons', 'bob', 'rene', 'sam', 'sim', 'bompard', 'simon', 'anselm', 'arion', 'amoore', 'tom', 'norgem', 'burleigh', 'frenchman', 'pierre', 'abbe', 'brumaire', 'jonah', 'norman', 'dad', 'perigord', 'benedetto', 'roi', 'wotan', 'danton', 'ciss', 'pedro', 'pope', 'mosheur', 'nick', 'henry', 'wilfrid', 'hoke', 'faucher', 'navy', 'boney', 'sailor', 'dunkirk', 'tyr', 'huron', 'louis', 'ridley', 'mars', 'brother adam goos', 'sir huon', 'nick culpeper', 'brother square', 'asa thor', 'sir richard', 'williams ferry', 'sir arthur wesley', 'old jim', 'rabbit shaw', 'red william', 'lord pelham', 'jack marget', 'uncle aurette', 'mus stenning', 'good ged', 'mus dan', 'sir arthur', 'guy fawkes', 'norton pit', 'uncle lot', 'great duke', 'gaffer macklin', 'chris hatton', 'captain giddens', 'sir francis', 'old hobden', 'simon cheyneys', 'de avila', 'cold iron', 'monsieur gamm', 'de aquila', 'sir francis drake', 'great wigsell', 'french ambassador', 'brother robert', 'jerry gamm', 'ware santlache', 'monsieur peringuey', 'big hand', 'tom dunch', 'mus robin', 'mosheur lanark', 'great britain', 'king philip', 'mus drake', 'said eddi', 'young jim', 'bob brygandyne', 'red jacket', 'frankie drake', 'master dawe', 'king george', 'mr dudeney', 'pastor meder', 'panama corner']",39,"['priestess', 'candide', 'venus', 'puck', 'gert', 'fulke', 'calais', 'marquise', 'sussex', 'padda', 'downs', 'cissie', 'swallow', 'gloriana', 'philadelphia', 'maingon', 'pansy', 'madeira', 'mary', 'kitty shorthorn', 'monsieur genet', 'willow shaw', 'miss phil', 'manhood end', 'bunny lewknor', 'little lindens', 'queen bess', 'mrs vincey', 'lady esclairmonde', 'le havre', 'citizen genet', 'doctor break', 'low shaw', 'magic knife', 'magic knives', 'gloriana belphoebe elizabeth', 'miss una', 'divine astrology', 'gert schwankfelder']",16,"['epply', 'slingawai', 'marklake', 'hurons', 'karaguen', 'cornplanter', 'hitheram', 'middenboro', 'spanisher', 'torrigiano', 'torrisany', 'blagge', 'rahere', 'bucksteed', 'sieyes', 'netherfield']",male
m\1911_collingwood-a-middy-of-the-king-a-romance-of-the-old-british-navy,66,"['tiburon', 'hayti', 'joe', 'henderson', 'haarlem', 'wilson', 'brest', 'mills', 'goliath', 'cape', 'willoughby', 'simmons', 'tomasso', 'cutler', 'obrien', 'colossus', 'helm', 'trimble', 'fernandez', 'jose', 'dick', 'ushant', 'albuquerque', 'galway', 'garcia', 'despard', 'petion', 'mateo', 'wasp', 'pacheco', 'pearce', 'dundas', 'jack', 'miguel', 'carlos', 'gironde', 'millar', 'percival', 'george', 'hinton', 'hillo', 'don', 'europa', 'saunders', 'gascoigne', 'maxwell', 'cape frehel', 'don luis', 'don pedro', 'don ricardo', 'don esteban', 'gallows point', 'mr howard', 'van halst', 'mr adair', 'captain vavassour', 'saint malo', 'sir percy fitzgerald', 'costa firme', 'north west', 'les stevenets', 'don silvio', 'north north west', 'jack millet', 'sir peter', 'mr gadsby']",20,"['bella', 'montpelier', 'burroughs', 'audacieuse', 'teresita', 'astarte', 'raz', 'carline', 'hebe', 'madeira', 'seins', 'mama', 'senora', 'morant point', 'lady agnes', 'belle marie', 'mama elisa', 'bella vista', 'dona inez', 'dona christina']",6,"['spithead', 'delamere', 'mendouca', 'schelde', 'penmarks', 'barbadoes']",male
m\1911_collingwood-the-adventures-of-dick-maitland-a-tale-of-unknown-africa,40,"['makolo', 'graham', 'joe', 'elder', 'jonas', 'philip', 'malachi', 'phil', 'hebrew', 'ophir', 'matemba', 'benoni', 'kafir', 'bipur', 'englishmen', 'mapela', 'menzies', 'mitchell', 'harley', 'healer', 'berea', 'grosvenor', 'mater', 'jove', 'dick', 'barrett', 'bulawayo', 'zambezi', 'leo', 'tom', 'ramoo samee', 'king lobelalatutu', 'king geshuri', 'mr sutcliffe', 'doctor julian humphreys', 'john cuthbertson', 'captain roberts', 'her majesty', 'dr humphreys', 'great one']",8,"['jantje', 'm', 'mafuta', 'lambati', 'johannesburg', 'africa', 'witch doctor', 'queen myra']",9,"['amakosa', 'mbongwele', 'hottentot', 'sekosini', 'kafirs', 'mokatto', 'sekukuni', 'moroosi', 'seketulo']",male
m\1912_collingwood-two-gallant-sons-of-davon-a-tale-of-the-days-of-queen-bess,27,"['cartagena', 'eddystone', 'baru', 'philip', 'jorge', 'excellency', 'phil', 'harvey', 'sorata', 'drake', 'manco', 'barker', 'cuzco', 'dick', 'capitan', 'adventure', 'cervantes', 'reverend father', 'philip stukely', 'master bascomb', 'fray jose', 'don ricardo garcia', 'fray felipe', 'senor pacheco', 'manco capac', 'dick chichester', 'william bascomb']",8,"['dyer', 'clara', 'dolores', 'maranon', 'cadiz', 'pooh', 'holy inquisition', 'tierra bomba']",7,"['vilcamapata', 'amalivaca', 'spaniards', 'devonport', 'atahuallpa', 'huancane', 'gramfer heard']",male
m\1914_collingwood-the-first-mate-the-story-of-a-strange-cruise,22,"['snip', 'sakes', 'jefferson', 'ajaccio', 'ushant', 'malays', 'amsterdam', 'parker', 'maguire', 'briscoe', 'jaffa', 'marsh', 'remington', 'maxim', 'walter', 'monroe', 'neil kennedy', 'mr grimwood', 'walter leigh', 'maxims kennedy', 'master julius', 'north north west']",12,"['kandy', 'susie', 'lizette', 'bledsoe', 'momma', 'mackenzie', 'harper', 'manila', 'stella maris', 'miss anthea', 'anna waarden', 'mrs vansittart']",4,"['moulmein', 'hotchkisses', 'teneriffe', 'britisher']",male
